id,actual_default,prediction_prob,prediction
2309,0,0.13635535132517607,0
22405,0,0.09744637387020959,0
23398,0,0.09541336730551969,0
25059,0,0.1199983162613053,0
2665,1,0.1968742049225787,0
8512,0,0.11302204357403899,0
5149,1,0.4081782982325074,0
7791,0,0.3546316701260352,0
11312,0,0.06702584169355424,0
19044,0,0.14307032728782304,0
10785,0,0.812546919361949,1
22247,0,0.06795839586781442,0
3269,0,0.09646448522396693,0
15948,1,0.9626803972195854,1
14978,0,0.12791590901280384,0
14475,0,0.09068568500652319,0
28695,0,0.08838594987828347,0
14055,0,0.16118916086796337,0
26546,0,0.13978781611381888,0
14981,1,0.7977795115064683,1
17637,0,0.15963572461798878,0
3932,1,0.1972847368680429,0
8388,0,0.13211622620879798,0
8029,0,0.08713743240817017,0
9483,0,0.0905376857104706,0
22573,0,0.19618765647934366,0
15108,0,0.06797249432052545,0
3674,1,0.8120191066332657,1
21389,0,0.14018127486664417,0
5938,0,0.12985091030991794,0
27034,0,0.19029037956647568,0
29272,0,0.1634081808998148,0
21881,0,0.3072636372014911,0
6509,0,0.0806298487456148,0
21458,1,0.12912632897088186,0
20072,0,0.1495221813377657,0
27013,0,0.09311750330307894,0
10093,0,0.06411349035449544,0
22568,1,0.19932168114175866,0
12977,0,0.1947362110015334,0
3814,0,0.10587562390145683,0
7338,1,0.1628574252200516,0
24484,1,0.3546316701260352,0
19593,0,0.09615382648123943,0
5122,1,0.5398143110697379,1
14906,0,0.10503397875195829,0
8224,0,0.6555506697003791,1
2869,0,0.18116446977266917,0
2343,0,0.08817005984589618,0
8833,0,0.12418101253724187,0
7933,1,0.3546316701260352,0
16558,0,0.08897613217204475,0
20605,0,0.08612279768674505,0
12984,0,0.13748297911864676,0
3015,0,0.05243324080869554,0
27332,0,0.07038733174297462,0
12125,0,0.09458395263498354,0
3753,0,0.1872111229466361,0
27388,0,0.10613272414883944,0
12336,0,0.09949792663712093,0
11545,1,0.15038033027704656,0
11357,0,0.4638820788352731,0
2677,0,0.17614175144525204,0
28739,0,0.18234080182752485,0
29996,0,0.0782152802298625,0
20748,0,0.07722546720229595,0
13376,0,0.17945465551319084,0
17987,0,0.4920551235976644,0
7886,1,0.13849186023376672,0
13333,0,0.1275913638894162,0
9586,0,0.18844285659760865,0
6333,1,0.10078695652602937,0
24430,1,0.10077048556618719,0
18080,0,0.10854044955895148,0
5202,0,0.11524255914479772,0
748,1,0.11963346683892402,0
9761,0,0.10062148759453975,0
29613,1,0.2159723137061701,0
19993,0,0.13274909633360857,0
23190,0,0.08870853038017575,0
25536,0,0.06290840937762752,0
17964,1,0.10179975602092194,0
25247,0,0.10967292554509486,0
5082,0,0.1631899478029789,0
9351,0,0.10462802842944915,0
10983,0,0.463829945618646,0
23622,1,0.06593552221364697,0
13236,1,0.13433218176557063,0
19368,0,0.09036267668296297,0
1191,0,0.13981210620348075,0
822,1,0.26625137149126166,0
15879,1,0.09286667727199402,0
20498,1,0.43617684489933417,0
9420,0,0.5627351227990571,1
28101,0,0.12177228017717066,0
8893,0,0.0969424263778248,0
4462,1,0.08190269179793541,0
25230,0,0.12915477528723368,0
29986,0,0.30884332551679544,0
12607,1,0.18741653621886864,0
25979,0,0.18960317261651102,0
19133,0,0.16319970142243015,0
14741,0,0.20012561362575,0
12147,0,0.08829444333099705,0
2745,0,0.13240040758860572,0
10115,0,0.14088989674835445,0
2384,0,0.12029397723791423,0
9154,0,0.18495671614907366,0
1407,0,0.07378063891177486,0
16561,0,0.09243058306463003,0
19362,0,0.12777855841481978,0
10343,0,0.16044704491737888,0
27757,0,0.12353349229963545,0
17615,1,0.827943608940393,1
19907,1,0.7423042703282592,1
24531,0,0.1622845992454672,0
27309,0,0.5999899195182341,1
17789,0,0.6080772817334756,1
13076,0,0.11309425363180513,0
22090,0,0.3112038160712276,0
28574,0,0.10336170085565825,0
20569,1,0.645445041624359,1
17891,0,0.09692464466488464,0
16838,0,0.1366414539080954,0
6553,1,0.14495726037084325,0
19638,1,0.6844492820552278,1
18295,0,0.17430856531861175,0
2877,0,0.39328766235633594,0
2983,0,0.08549470997633925,0
17411,0,0.15322142386282545,0
15163,0,0.10075502056042447,0
2154,0,0.09384687463883822,0
18701,1,0.43904492950541196,0
7668,0,0.19852836843198174,0
15244,0,0.10797261094990145,0
16858,0,0.0983335920619456,0
13962,0,0.05496896687620682,0
218,0,0.7372871393156728,1
23288,1,0.17742231803729272,0
2214,0,0.07458802502810113,0
6581,0,0.09421650527799151,0
27603,0,0.05849221220790104,0
19377,0,0.07738452797289723,0
7540,0,0.16233930350115355,0
14977,1,0.7998492095262292,1
10129,1,0.3612604243491377,0
5706,1,0.09421191886893666,0
5954,1,0.3546316701260352,0
539,0,0.16549503270315571,0
21664,0,0.11955041922350242,0
21568,0,0.14704784245385916,0
28983,0,0.08987448317504045,0
7428,1,0.3652282453499538,0
20726,0,0.07771022213384757,0
4182,0,0.13702591691823843,0
18702,0,0.25532336301242037,0
15415,1,0.26405145618203707,0
12155,0,0.6265877851625117,1
580,0,0.09601790600155839,0
2169,0,0.44618407345832195,0
24420,0,0.20567413351977684,0
251,0,0.45584879987902743,0
15693,0,0.25884397417860167,0
9972,0,0.09348299426291933,0
16181,0,0.08494790999754244,0
11490,0,0.10547402175685047,0
9145,0,0.3546316701260352,0
29433,0,0.2424847640824183,0
25791,0,0.26954915992771633,0
5772,0,0.07370961803039405,0
26747,1,0.539370963777901,1
2326,0,0.11534625613958781,0
15431,0,0.10022582279289459,0
431,0,0.08911263365958881,0
10769,1,0.7182189208143355,1
2533,0,0.14101564894189575,0
2458,0,0.510823051336816,1
19187,0,0.05362604052810727,0
27236,0,0.5875456686796321,1
22292,0,0.18139973662811584,0
11213,1,0.08693708541792558,0
506,0,0.24744959706823366,0
23113,0,0.15458209642152393,0
18780,0,0.09627563824300178,0
19083,1,0.12249723635798133,0
17895,1,0.6179477120277725,1
19007,0,0.07920372484746067,0
19691,0,0.09660987258188589,0
27094,0,0.12929859591928758,0
23180,0,0.2960730984657333,0
12627,0,0.09210083312820934,0
3835,1,0.5550483302998752,1
1331,0,0.30884332551679544,0
21467,1,0.3546316701260352,0
23829,0,0.11331808826664805,0
2542,1,0.6670784185212942,1
28613,0,0.27331987443816375,0
21996,0,0.07008319465900432,0
11900,0,0.14564824347252148,0
25873,0,0.08313794568111453,0
26226,0,0.08291496341372755,0
15806,0,0.14891046233609656,0
9556,0,0.0918198303930796,0
7568,0,0.06069522755683142,0
3508,0,0.10662888969104328,0
8835,0,0.10418003002470388,0
18785,0,0.0755637457069847,0
29858,0,0.15099881462187148,0
23588,0,0.18327456355525865,0
28268,0,0.16800271106126502,0
5845,0,0.19894779169969795,0
26477,0,0.09470145273334159,0
24199,0,0.3220428438719181,0
28882,0,0.43781171512038664,0
4846,1,0.21969374975052017,0
4986,1,0.7476239872552095,1
23400,1,0.30884332551679544,0
25570,1,0.6983269654190073,1
20263,0,0.14000586743397725,0
20857,0,0.1497523063677346,0
26823,0,0.22873359136170054,0
9318,0,0.08820377043119873,0
25507,0,0.09165496138422487,0
14848,0,0.10501955900099817,0
7843,1,0.3546316701260352,0
28648,0,0.22318465480924504,0
29985,0,0.13418522914475225,0
13049,1,0.6285917307096603,1
25100,0,0.2505340797029263,0
14857,0,0.1506299007907238,0
25014,0,0.16322867703418154,0
10740,1,0.7017315500362148,1
16095,1,0.4212156040881356,0
2209,0,0.2910819242823841,0
18841,1,0.5078441697500137,1
28273,0,0.1723205805427042,0
22373,0,0.0740595582102782,0
2267,0,0.06525437045138492,0
5227,0,0.14631786976574962,0
28302,0,0.8676090265935228,1
21579,0,0.1726917753179028,0
20123,0,0.10491962617550284,0
17893,0,0.243666678095386,0
20928,0,0.18001850897033467,0
13023,1,0.16582087600004994,0
20737,0,0.46193267374682423,0
27367,0,0.069675599544142,0
11741,1,0.148184979005491,0
6548,0,0.13770964977908226,0
3283,0,0.23986578651480714,0
15615,0,0.7147972736500617,1
23662,0,0.12034629766675618,0
2277,0,0.08009903663059838,0
26051,0,0.21724990823001264,0
12355,0,0.12321711450074829,0
16486,0,0.10396557579006477,0
19536,0,0.08354663885122271,0
18674,0,0.1424300073773862,0
8697,0,0.7959380323910956,1
22565,0,0.0679545543030751,0
16380,1,0.5595106137168391,1
25295,0,0.11074355428142094,0
28681,0,0.15759104758535625,0
24992,0,0.09696762474972535,0
29670,0,0.1508836282559322,0
5837,0,0.09342767206259799,0
10236,0,0.1294830684693159,0
22825,0,0.08189234217142344,0
280,0,0.08587468708705769,0
22377,0,0.6777796014516367,1
25274,0,0.12356109387959989,0
5161,0,0.13421752884358423,0
29753,0,0.3546316701260352,0
3691,0,0.18230345659146052,0
5916,0,0.6022008458395878,1
11579,1,0.0833822861794403,0
18079,0,0.08344957212668495,0
19537,1,0.6275657763192597,1
26024,0,0.08589773103262244,0
29720,0,0.1253968513527756,0
21740,1,0.6344078820786655,1
25744,1,0.5655272876278038,1
20553,0,0.08169404474363921,0
11703,0,0.09060331030948868,0
11515,0,0.09596235147130294,0
9007,1,0.6766433707512581,1
11743,0,0.08973063856009107,0
28262,1,0.7525224567970303,1
16470,1,0.8039329840621603,1
13677,0,0.6928176030293267,1
20164,1,0.6025149399716898,1
16786,1,0.4289641258683617,0
29323,0,0.5105565444276237,1
15694,0,0.09676700590611498,0
17336,0,0.1115150918888744,0
3736,0,0.2053233207686108,0
25485,1,0.6481991839602221,1
3644,1,0.09240730767360056,0
7199,0,0.16141640777408697,0
25366,0,0.07451598491558518,0
24937,0,0.12988599796703926,0
21306,0,0.42879590571955395,0
29366,0,0.15013629055976757,0
21524,1,0.4388828944738743,0
21719,0,0.18211119786135005,0
1838,1,0.10650073258037664,0
29916,0,0.6614152661280062,1
10985,0,0.09772606362751286,0
9304,0,0.05191437300152264,0
12800,0,0.10814217590056747,0
1458,1,0.328600746073786,0
1093,0,0.2694593769547165,0
4150,0,0.1520281506373756,0
11009,0,0.5335668008418392,1
27069,1,0.7698702460444515,1
9190,1,0.4175116062087131,0
4933,0,0.09794021094980955,0
14466,0,0.45912053876288783,0
4557,0,0.3546316701260352,0
11489,0,0.09875529141641033,0
12075,0,0.1709167526004388,0
25102,0,0.10683788584223765,0
16798,0,0.1559793671612674,0
20071,0,0.08601312852625087,0
14419,0,0.7821568095289355,1
28246,1,0.2995652651378358,0
25390,0,0.154576166628893,0
24997,1,0.7444197405042712,1
17279,0,0.8346853512844463,1
6482,0,0.3546316701260352,0
8021,1,0.14060465287403479,0
9101,1,0.15090040657933756,0
17477,0,0.09775762240707778,0
8590,0,0.2847718992583617,0
29162,1,0.7135242903000409,1
24516,0,0.21485428355633032,0
27275,0,0.19204736198117622,0
23873,0,0.0604980354446654,0
29364,0,0.08520314934112122,0
1504,0,0.15793243798207252,0
9937,0,0.1585305326086036,0
10940,0,0.06478416983169494,0
20295,0,0.0659634969774402,0
3950,0,0.17915120603416537,0
6439,0,0.25176229555958757,0
13620,1,0.19084272606496447,0
14304,0,0.293359625289916,0
22094,1,0.3546316701260352,0
15949,0,0.07936280202025266,0
28190,0,0.12566917814449294,0
13065,0,0.17043995895921482,0
13251,0,0.2297792248761842,0
29167,0,0.13634387595905278,0
7744,1,0.8134858539328164,1
26227,0,0.30884332551679544,0
7756,0,0.5899862092538268,1
1413,0,0.1473798152479379,0
6529,1,0.09931915871206941,0
1123,0,0.10823848796289443,0
16334,1,0.11564958258414249,0
5246,0,0.16656987957785535,0
12153,1,0.16390884390189253,0
19641,1,0.42820784311356314,0
25208,0,0.2224316492195377,0
9434,1,0.1437788615182599,0
7469,1,0.5341140124551917,1
29012,1,0.3904721842649061,0
11032,1,0.15393940725227126,0
29443,0,0.09456627781762926,0
7294,0,0.13164329675859698,0
12972,1,0.23147364618264882,0
5347,0,0.08498805153367271,0
14471,1,0.8353332241883156,1
28812,0,0.08956177668510672,0
15963,0,0.10375957612909016,0
24275,0,0.07486213223633933,0
21150,0,0.12084465144562824,0
10864,0,0.06898935963605064,0
17755,0,0.12908989274531274,0
4485,0,0.08802570811638454,0
10561,0,0.15005871753457636,0
24578,0,0.3641178431528328,0
20327,0,0.20629385779960238,0
21717,0,0.3503625690700937,0
10599,0,0.09510270902123835,0
1434,0,0.12203895243074142,0
5861,0,0.12857062864084223,0
12427,0,0.12109791803136369,0
10981,0,0.3546316701260352,0
22045,0,0.12382903442086207,0
27831,0,0.09920149137563823,0
23078,0,0.18190074709031254,0
26377,1,0.10591823080555711,0
10407,0,0.0616225099134285,0
23491,1,0.16529836126267605,0
19567,0,0.11730218959005544,0
11473,1,0.6632517375373872,1
12064,0,0.08111981034886527,0
8932,0,0.13003967491637947,0
10969,1,0.5320701588183236,1
27756,0,0.13111873599082505,0
26848,0,0.14044304693477305,0
1611,0,0.2934951719950697,0
29237,1,0.1516352458032426,0
16267,0,0.09235696316004612,0
12394,0,0.1255665397811619,0
26840,0,0.10982139611171922,0
2768,1,0.10100432022124275,0
12777,0,0.09441082656123367,0
23177,0,0.12180483394298783,0
217,1,0.367706780033978,0
24877,1,0.790882505244825,1
6166,0,0.13843894401911613,0
3902,1,0.4886106792056747,0
21232,0,0.09424155416073886,0
24637,1,0.09510268820208666,0
10000,0,0.10455148962881379,0
14798,0,0.10301649522056752,0
6088,1,0.08521319335236682,0
14460,0,0.08567795551946601,0
2857,0,0.15427851275825652,0
18218,0,0.15310281551674318,0
17042,0,0.1457446756635057,0
12415,0,0.1571672263595745,0
9673,0,0.09820676264420204,0
517,0,0.0884728377629787,0
11624,0,0.1550438009643253,0
8282,0,0.15153344721748213,0
20257,0,0.12464374705495194,0
12079,0,0.5683701212948082,1
17735,0,0.4251338076840585,0
2158,0,0.08717843302735742,0
28082,1,0.8563133994437823,1
10727,0,0.09640317815965935,0
29031,0,0.1328564076812554,0
3097,0,0.06972066849615484,0
22754,1,0.6841238288739505,1
3109,0,0.1238333826814301,0
10277,0,0.12467210569210872,0
21882,0,0.26954915992771633,0
6428,0,0.13257922201882247,0
9253,1,0.08250738048599114,0
2407,0,0.09006056517051085,0
25039,0,0.08880163372748585,0
14643,0,0.3546316701260352,0
24744,0,0.12383211199879131,0
18525,0,0.12553156295703027,0
13421,0,0.08978786807241051,0
3399,0,0.20368666011510864,0
8944,0,0.0853923422775485,0
27173,0,0.2335153638883008,0
6940,0,0.09150123501171452,0
27316,0,0.08191593327571617,0
28315,1,0.16468643730251922,0
27775,0,0.13647877109779652,0
9817,0,0.20622703706945425,0
16140,0,0.1282083328065021,0
9419,0,0.4001736676800639,0
12316,0,0.2914479164503618,0
2519,0,0.12051729300109143,0
29752,0,0.2184320491317885,0
16602,0,0.08959288105183245,0
17593,0,0.08012405393545975,0
5101,0,0.16217607626758268,0
9843,1,0.5295516812661434,1
17188,0,0.3408106169509058,0
7278,1,0.47972297304516837,0
18773,1,0.09960883591268882,0
10079,0,0.08635874677140637,0
21771,0,0.11329025339841664,0
26444,0,0.15249569123883627,0
9893,1,0.5423493524063115,1
6329,0,0.0966825972965347,0
10046,0,0.12270918570418188,0
26120,1,0.09502988243022031,0
14330,0,0.6097936108934658,1
26756,0,0.10307330323599478,0
11847,0,0.10480408760157099,0
16587,0,0.12329206572545061,0
17551,1,0.6599280190726354,1
21265,1,0.1446002742742018,0
15092,0,0.082569759011519,0
23481,0,0.09271129633804458,0
18394,1,0.728955285638695,1
22277,1,0.1621981178597223,0
10400,1,0.18976491374619994,0
8165,0,0.15325607608777317,0
22501,0,0.14427386245190799,0
10884,0,0.3643138182336906,0
23087,0,0.1018127322794164,0
24673,1,0.21617072993756345,0
13721,1,0.1519699640596294,0
17847,1,0.7270853518016439,1
3383,0,0.08619125352541915,0
9846,0,0.1431287008775806,0
18833,0,0.12146184235166625,0
19341,0,0.12141593970848757,0
7340,1,0.7023294314303082,1
14369,0,0.2268712343406526,0
14660,0,0.15748225746551925,0
429,0,0.11383355623718855,0
16205,0,0.15611087201218637,0
17508,1,0.12821747434602673,0
625,0,0.2046129488569708,0
28356,0,0.046856372825164326,0
17171,0,0.16816813688695384,0
1139,0,0.15305807233802085,0
17664,0,0.36761300690722903,0
24512,0,0.1620821067943448,0
19543,0,0.08376891341874672,0
4409,0,0.37486367122302794,0
17121,0,0.2514950166030714,0
10353,0,0.20629798081916778,0
29597,0,0.06709964738067886,0
9478,1,0.13448633972157686,0
10300,0,0.17305019722045842,0
2886,0,0.09980551958075522,0
18418,0,0.1227400404262122,0
7501,0,0.18220432860927446,0
2684,0,0.06873383497240192,0
23494,0,0.1099222909722411,0
17173,0,0.09246643497977282,0
22925,0,0.17751809158714404,0
9899,0,0.094779568351961,0
6217,0,0.3057034988097382,0
20720,0,0.09003344930987847,0
7979,1,0.16638469185009847,0
11406,0,0.06608813728493161,0
5552,0,0.4236292365707648,0
739,0,0.08655137252334923,0
28718,0,0.08148688593402335,0
10747,0,0.18627265138780047,0
27646,0,0.06960159716750568,0
7072,0,0.37778574343218707,0
1711,1,0.14522260089566705,0
3509,0,0.2637461766503909,0
23163,0,0.08631715024712988,0
29050,1,0.30884332551679544,0
13805,0,0.07361816211102674,0
13493,0,0.13992373262287866,0
18341,0,0.16682034002430896,0
12052,0,0.5527119700135678,1
15956,0,0.13226820434778186,0
18004,0,0.5126432003905655,1
7780,0,0.12917464535279907,0
9004,0,0.37992432049252506,0
15747,0,0.3803512692990999,0
25482,0,0.10018941909686768,0
734,0,0.2696455738802935,0
14199,0,0.09492361296570627,0
21907,0,0.20593260979758224,0
21045,0,0.10910260715509676,0
15821,0,0.6325123948302837,1
18843,0,0.0996822637241058,0
20245,0,0.04937286027568916,0
8204,0,0.2806823071039686,0
28967,0,0.127569654275776,0
10587,1,0.7378524126529663,1
19592,0,0.6262305285847529,1
20200,0,0.11178425002295214,0
18897,0,0.22847583192482632,0
23629,0,0.10343655453476862,0
4970,0,0.1445781556541842,0
12622,0,0.09706178185264085,0
8248,0,0.08149245889524127,0
24383,1,0.4667605314324333,0
2905,0,0.07803764524274218,0
20274,0,0.1333239096481936,0
12102,0,0.2518136896138726,0
6070,0,0.09630925926112095,0
12141,0,0.30884332551679544,0
3699,1,0.3546316701260352,0
29678,0,0.13086462811846,0
1913,0,0.1401423846290503,0
6401,0,0.12182600552709129,0
4476,0,0.10353231205126455,0
23455,1,0.15658965462554167,0
29218,0,0.08388547436597965,0
8346,1,0.60762265644525,1
26624,0,0.148142908201089,0
26598,0,0.1477655307651222,0
10039,0,0.2012296863783604,0
3264,0,0.10946503104676458,0
10262,0,0.12815666133026038,0
16983,0,0.155239559478369,0
4978,0,0.07010723627776806,0
11328,0,0.09762931647117522,0
28217,0,0.09286991080335504,0
20347,0,0.376584857722235,0
4230,1,0.2879973116096364,0
5219,1,0.7462971739860648,1
15845,0,0.15045984102535806,0
19913,1,0.14136035334247726,0
1428,0,0.6879061898385507,1
8122,0,0.1207629549412489,0
12794,0,0.08530014746818093,0
10147,1,0.09905679506878572,0
25768,1,0.1396702331691753,0
26730,0,0.1264754111410205,0
14500,0,0.5161255367946895,1
10439,0,0.16734436118484602,0
14564,1,0.2612786236276769,0
16383,1,0.4534291952974525,0
12948,1,0.07888505175640587,0
16405,0,0.25923846787417737,0
16384,0,0.3776048805388231,0
27166,0,0.3591742747909783,0
6798,0,0.11691237041080335,0
11388,1,0.310739447101215,0
16954,0,0.7214248294934643,1
2042,0,0.28582107238993065,0
9404,0,0.09716221779140705,0
14051,0,0.14486732863876306,0
2908,1,0.22588477594892478,0
9200,0,0.0936479957306446,0
8740,0,0.22645092918973242,0
14411,1,0.6048697718507046,1
29288,0,0.24190851902032284,0
1661,0,0.486208166809952,0
7319,0,0.09413334354808757,0
11789,0,0.08828673663584714,0
17307,0,0.2054835962106062,0
24754,0,0.09448165644283614,0
24338,0,0.2914751188291031,0
27317,0,0.17001664022789467,0
4982,1,0.3821030085545616,0
14771,1,0.13397835401400218,0
28422,0,0.05704898082018974,0
26900,1,0.30884332551679544,0
20087,0,0.2689127353290966,0
4985,0,0.07707276132280176,0
15282,0,0.0663494206601611,0
26495,1,0.3546316701260352,0
21582,0,0.07842052592158033,0
897,1,0.5124799388717146,1
1685,0,0.15009861723360002,0
16498,0,0.4809356265297833,0
16984,0,0.15011429042584154,0
11194,0,0.10620636758025478,0
9521,0,0.18971754274834451,0
1488,0,0.11008049539337059,0
22668,0,0.1981248598034439,0
25029,0,0.12382588469418192,0
9634,0,0.13359045946671738,0
22324,0,0.10637001705939882,0
10243,0,0.11965462004080284,0
21378,0,0.12627718089391876,0
15737,0,0.10045559569683171,0
25682,0,0.2819880585229735,0
8355,0,0.09381336950381669,0
6347,0,0.2530980395866578,0
14000,0,0.16515983375577015,0
11991,0,0.19005938215455626,0
5428,0,0.1657943616287102,0
17695,0,0.15894493661303913,0
24222,0,0.08556764943424668,0
5641,0,0.09450538059670521,0
12706,1,0.6409560577961888,1
5721,0,0.48432198404579396,0
22235,0,0.1018047818089573,0
12464,0,0.18572410046506896,0
25709,0,0.3575956339971792,0
18837,1,0.7443809235363653,1
17815,0,0.14023972686622654,0
3484,1,0.15138796569925067,0
17087,0,0.526301358339934,1
15981,0,0.46254759540416585,0
27219,0,0.1491431341605209,0
17817,0,0.12600824881887962,0
21190,0,0.07338701360823345,0
3231,1,0.106958130286657,0
2477,0,0.1298425354536178,0
27720,0,0.21547746019900896,0
24626,0,0.09718075296186761,0
9428,0,0.15021352265094193,0
15519,0,0.07570531007029606,0
27759,0,0.21647648424442456,0
7998,0,0.09070884963284573,0
7256,0,0.1102834339653519,0
645,0,0.24367450711116478,0
2508,1,0.2611124057428349,0
17732,0,0.16758550457785534,0
10354,1,0.8198543772034347,1
12739,0,0.13051668219702484,0
3474,0,0.07507902981458445,0
23598,0,0.0723592085818395,0
27975,0,0.10616312858827354,0
1228,0,0.06105719967423041,0
3800,0,0.3546316701260352,0
11623,1,0.4702670765986933,0
10206,0,0.07660741688581918,0
3659,0,0.11204390385046357,0
28295,0,0.0918320471156896,0
18554,1,0.14669537952528933,0
22256,0,0.1593146759150257,0
16012,0,0.09439206792719465,0
12418,0,0.14834594785646651,0
2562,0,0.12697428157389695,0
20242,0,0.06263000247986865,0
27943,0,0.0883166332369816,0
18073,0,0.5652386516636768,1
12557,1,0.27303792104317703,0
16339,1,0.09738243119213141,0
6563,0,0.09342463309788039,0
15294,0,0.12947904819518416,0
22257,1,0.08471934222040836,0
174,1,0.373790356978081,0
14494,0,0.08572366939467406,0
20381,1,0.11954459639204583,0
25075,0,0.12600848169496115,0
17600,0,0.20367932610413397,0
17347,0,0.0852306008212605,0
23854,0,0.06490526104390261,0
2228,0,0.0981745560990516,0
19996,0,0.08674583379201184,0
2586,0,0.12662820041511128,0
29775,1,0.09868783357474657,0
26537,0,0.08993924668362802,0
5743,1,0.7959482946780629,1
23432,1,0.30884332551679544,0
9943,0,0.1551629139844555,0
17116,0,0.18351631841698116,0
10815,1,0.12435497789713162,0
12519,1,0.6102163070162814,1
8787,0,0.14193380038953668,0
10885,0,0.09738226875547643,0
14539,0,0.09446020759694292,0
13535,0,0.12057480136526333,0
21874,0,0.3546316701260352,0
4872,0,0.09754400188635032,0
22357,0,0.08095729992298843,0
19937,0,0.31667112963968547,0
19682,0,0.08534688174954301,0
11199,0,0.10755601027462544,0
8157,0,0.521518247910854,1
20147,1,0.6242669324755017,1
1091,0,0.14322217364928608,0
11256,0,0.14328579015804996,0
12527,1,0.0968980500021681,0
27116,0,0.21376845973691883,0
763,0,0.08516873781550008,0
3411,1,0.13446164746394126,0
18342,0,0.1388797137234007,0
6272,1,0.9122951604784713,1
7503,0,0.18462851070381883,0
11942,0,0.17142729187561812,0
27617,0,0.10236712173140791,0
16202,0,0.14068099787628263,0
7478,0,0.1082487851496709,0
17698,1,0.5606533006024073,1
2899,1,0.12752141350678733,0
1617,1,0.3546316701260352,0
22618,0,0.15365439848329154,0
20237,0,0.662322989287577,1
21322,1,0.6179572294204263,1
14478,0,0.16457834979438615,0
27381,0,0.07078451938905708,0
21267,1,0.7415524121505953,1
10020,1,0.1556086893395329,0
24663,0,0.0918562374584744,0
8575,1,0.3546316701260352,0
21507,0,0.07208230876136082,0
8365,0,0.12155618784199489,0
2959,0,0.2897814561900794,0
26274,0,0.06701149650088119,0
25181,0,0.47547942403234217,0
28002,0,0.09381900005119358,0
21694,0,0.3546316701260352,0
26188,0,0.13243910498309913,0
28018,0,0.1180994140765965,0
9768,0,0.08747258916888628,0
6290,0,0.6023683365498335,1
23339,0,0.5704691592358333,1
35,0,0.07193243911049349,0
8846,0,0.1464582223201616,0
24192,1,0.15359292599491256,0
10804,1,0.7924184565261408,1
18888,0,0.2608651960313562,0
22337,0,0.11856735682036723,0
15200,0,0.12037665455942236,0
3483,0,0.1164573711238954,0
10657,0,0.12273111125953212,0
21454,0,0.13468097786932062,0
2993,0,0.08771230622174966,0
3704,0,0.26954915992771633,0
5747,1,0.7565879622788957,1
29769,0,0.15023311440901715,0
551,1,0.41451291217317526,0
22666,0,0.08951963921587244,0
6175,1,0.7600043696813915,1
3403,1,0.18203677540190813,0
13518,0,0.08786154655263806,0
16127,0,0.8155839003634019,1
5035,1,0.1513256821462731,0
24659,0,0.1284292036471939,0
21164,0,0.10383183350626124,0
20423,0,0.16016081564256615,0
15210,0,0.33478806371218034,0
6112,1,0.7096546542325549,1
15231,0,0.2779445248754475,0
1792,0,0.15008737549709936,0
5648,1,0.6019007393356254,1
10155,0,0.086406582060045,0
7913,0,0.08199422879360817,0
1279,0,0.12413894689988307,0
4520,0,0.08339091983319648,0
24783,0,0.06620252935990041,0
2849,0,0.10428437043871228,0
12210,0,0.0976894753185568,0
3470,0,0.0878613443628151,0
5655,0,0.06592292121103371,0
27913,1,0.09825088590857518,0
28054,0,0.08315569223219152,0
28421,0,0.0934341530053732,0
19833,0,0.14232954927436667,0
24714,0,0.09697469995808751,0
14574,0,0.0809781567185235,0
23635,0,0.07237683935808728,0
424,1,0.7490000709360249,1
10005,0,0.11787262108361966,0
14929,0,0.12555174945487113,0
18241,0,0.27197944372531047,0
12341,0,0.10768579966416887,0
29407,0,0.09474847737846265,0
3247,0,0.30884332551679544,0
14148,0,0.08628740600101482,0
10576,1,0.7859480211655641,1
14972,1,0.3397064763880484,0
18697,0,0.08861633916959749,0
2944,0,0.29592144182376773,0
20843,1,0.30884332551679544,0
27700,0,0.30088107748402193,0
7965,0,0.1425485220472076,0
11288,0,0.09523242413482327,0
7924,0,0.1505947665824861,0
5713,0,0.06514721734836222,0
17977,0,0.12292232384289456,0
8440,1,0.11190164201107575,0
25047,0,0.09945730712135051,0
1247,1,0.7349952417294306,1
9116,0,0.24734684656679928,0
12750,0,0.11289841533919003,0
3848,0,0.09975302903612379,0
5788,0,0.30465477686226,0
342,0,0.17830404262651872,0
17829,0,0.12948252538712846,0
20465,1,0.6839160106698635,1
7398,1,0.3546316701260352,0
8320,1,0.13629807169692573,0
9104,0,0.10741801459676276,0
11924,0,0.09631224248198998,0
12696,0,0.21933623126750038,0
4236,1,0.0919637015460537,0
1079,0,0.29766941519295753,0
17235,1,0.7250340322969039,1
23030,0,0.18533760129351992,0
2394,0,0.271708998876639,0
12619,0,0.12148720642996037,0
26834,0,0.08651150186627399,0
25436,1,0.14337410397091008,0
1677,0,0.11471763687678795,0
5501,0,0.09653463703117224,0
20890,1,0.3546316701260352,0
7894,0,0.07946765001654185,0
8414,0,0.2604075402866657,0
3581,1,0.21437153288805388,0
10582,0,0.09216768224022764,0
10709,0,0.08047971246355878,0
9839,1,0.6415756237420952,1
26663,0,0.15061294329414543,0
2648,1,0.28582107238993065,0
23897,0,0.09924172243039633,0
20570,0,0.18391994758542293,0
15050,0,0.13687441499494393,0
15336,0,0.10973141709088513,0
27264,1,0.5961089098834875,1
20659,1,0.16650987562322467,0
3965,0,0.14724975881269575,0
1805,1,0.10213879247217983,0
14700,0,0.14928257809733048,0
22013,0,0.155919060064318,0
24002,1,0.12395441306784977,0
21528,0,0.08314389745761426,0
21367,0,0.0936574900293418,0
23069,0,0.07714630124008384,0
19139,0,0.12436934053536315,0
3799,0,0.12341095489828563,0
14971,0,0.12970120672006866,0
6815,0,0.09622254402384149,0
12377,0,0.07768774939254389,0
3106,0,0.0890641434977932,0
8086,0,0.07874633884475753,0
26827,1,0.6918470295937622,1
14760,0,0.2061280194773881,0
23731,0,0.1218839355249286,0
28097,1,0.4902374179297999,0
27924,0,0.09780319090537937,0
10573,0,0.1765608243681534,0
24157,0,0.09778860776410869,0
29612,1,0.12435686984029087,0
19561,0,0.27565620633211485,0
15002,0,0.08007543887644308,0
1340,1,0.3546316701260352,0
15063,1,0.796563949423314,1
7901,0,0.1502438258047367,0
17960,1,0.7511960703392703,1
9092,0,0.12053799482735655,0
4144,1,0.5669167041104973,1
21437,0,0.13408736724406212,0
25688,0,0.07203786416886857,0
12849,0,0.12252545027244144,0
14001,0,0.15014751603985688,0
17673,0,0.08484756710786334,0
26729,1,0.40354183463232146,0
8858,1,0.3638163755272742,0
9723,0,0.06814735756854379,0
27792,0,0.16820553002188945,0
1973,0,0.07770784370493615,0
7250,1,0.22197526605171827,0
18929,1,0.7317178985275783,1
10310,1,0.24004291584375528,0
5199,0,0.271953610999727,0
22965,0,0.07017648071839792,0
19588,1,0.8427015218546822,1
6690,0,0.056692978020141324,0
9133,0,0.09714898508409239,0
13539,0,0.14704590686357957,0
10719,0,0.1703516641847923,0
18973,0,0.7594533915007936,1
23424,0,0.23672499410078993,0
4081,0,0.10559127659352777,0
26446,1,0.1997425287444999,0
14332,0,0.05371926948772477,0
25917,0,0.17777236246685915,0
10960,0,0.08458681577920434,0
8926,1,0.33828954986534926,0
1922,0,0.17084874821612994,0
3209,0,0.13533114670234528,0
25890,0,0.10054666931452567,0
29431,0,0.08237050201768861,0
8592,0,0.5662027522927687,1
13119,0,0.08797607245717456,0
3746,0,0.10813258088671293,0
17355,0,0.16637963663915936,0
13619,0,0.14960628889154726,0
13763,0,0.0756426072982625,0
14658,0,0.26614453499880275,0
500,0,0.3250584249848702,0
5200,0,0.4186477940397888,0
8286,0,0.3120532531887544,0
28413,0,0.055087563752830804,0
10526,0,0.30624148136919654,0
23797,0,0.11219943426901677,0
19818,1,0.7253400123587184,1
13641,1,0.613235279871994,1
7,0,0.13813576115418502,0
22370,0,0.06796604721373517,0
97,0,0.08179991958019109,0
22368,0,0.16303246663378856,0
11496,0,0.07688138740297702,0
14637,0,0.11314978404440224,0
21791,0,0.09187229374469512,0
3586,0,0.3546316701260352,0
2112,1,0.27305016976097785,0
16000,0,0.10771755753874519,0
26795,0,0.10498090077165154,0
3695,1,0.6638995124617243,1
28117,0,0.08290372736538142,0
21814,0,0.09390887214117966,0
18621,0,0.09028701385300686,0
22200,0,0.06696026485067848,0
23261,1,0.34202967831684283,0
11457,0,0.11733170733186428,0
9531,0,0.0994738274768309,0
20222,0,0.10422924317230416,0
14650,1,0.781950646571895,1
27749,1,0.6346465827903485,1
27654,1,0.6262380713348472,1
17067,0,0.13984931243451956,0
8363,1,0.17515236983558943,0
10024,0,0.7788263842540567,1
3379,0,0.6471319172107276,1
26349,0,0.1373796557472823,0
21033,0,0.24382735440370193,0
8275,0,0.38850309473336936,0
11538,1,0.19543726240330375,0
13317,0,0.15783944741977757,0
20388,1,0.44034907598094536,0
22047,0,0.08881400917689135,0
12782,0,0.07581082170343817,0
18904,0,0.057738459010620524,0
16712,1,0.3176823565648046,0
23590,0,0.0938301972783867,0
14726,0,0.12212196670535919,0
20959,0,0.16534020306854877,0
1669,0,0.06321135990029679,0
24759,0,0.733597629720132,1
4337,1,0.7930252987631802,1
15544,0,0.3546316701260352,0
24410,1,0.12124275444410136,0
10991,0,0.09120666117621701,0
12164,0,0.509753389262274,1
4411,0,0.08867935306691005,0
2859,1,0.0763500835809813,0
10578,1,0.46788131618786793,0
25786,0,0.07362301131721583,0
463,0,0.0934676956432664,0
6225,0,0.30403656498493636,0
9575,0,0.13003838708930907,0
14984,0,0.08744728833649233,0
18398,0,0.15658685214843537,0
5763,0,0.27052099977786526,0
18606,0,0.10109611316253594,0
10773,0,0.4470374560667388,0
8526,0,0.5102872385852628,1
21372,0,0.3528482625015943,0
24541,0,0.10324351632947992,0
25628,1,0.20576274628976474,0
29903,0,0.09040773693382836,0
8687,0,0.26501877606943625,0
4283,0,0.07185907524845182,0
22836,0,0.09139959632666096,0
16478,1,0.8015443582526554,1
17589,0,0.17862701287492008,0
7733,1,0.5527529352160441,1
17598,0,0.11011113423535926,0
26014,0,0.11308173437659733,0
20496,0,0.10171089004401973,0
7404,0,0.10909158835191284,0
11888,0,0.223377613567478,0
20101,1,0.15169821490028165,0
17547,1,0.7121058536083895,1
2347,0,0.16708497518709492,0
22578,0,0.08321556854745396,0
27870,0,0.09344610372169504,0
21041,0,0.11511346918761291,0
12644,0,0.30884332551679544,0
21286,0,0.6528935295949259,1
16690,1,0.7751879269423955,1
27350,0,0.22128988921111284,0
14559,0,0.12112301358681421,0
5437,0,0.22756431666670504,0
25615,0,0.07704201857091073,0
16089,1,0.08147736190885801,0
28781,0,0.12178080346973993,0
10534,0,0.8734404174858378,1
15545,1,0.703284432383256,1
8778,0,0.11690854796457206,0
18098,1,0.13952175495297042,0
6426,0,0.09464216016562724,0
20236,0,0.2682624875779401,0
16783,1,0.3273209798506593,0
25355,0,0.13416027491183924,0
2975,0,0.08011525028603537,0
879,0,0.1189936868263098,0
4757,0,0.08196423325370773,0
13978,0,0.095422961022997,0
5557,0,0.14607092655344223,0
1289,1,0.49720428815022016,0
23709,0,0.10190543169486724,0
5872,0,0.10114096374751141,0
28746,1,0.21077547073674208,0
6715,0,0.3220321415913532,0
13212,0,0.29680433218288016,0
9316,0,0.2998028368320746,0
23965,0,0.4792200702882913,0
15416,0,0.14295765319876383,0
346,0,0.11889847623018629,0
10613,0,0.07359932026141004,0
29486,1,0.14619509483019108,0
23504,0,0.1302565533245451,0
13708,0,0.10126166592857658,0
16172,0,0.05769904792466865,0
26860,0,0.0775354393165511,0
9949,1,0.10179725619058763,0
11975,0,0.07020991454624292,0
10290,0,0.1495861369591723,0
15412,0,0.30884332551679544,0
2321,0,0.11775163632148193,0
16996,0,0.7320957415236655,1
12770,0,0.091165536490385,0
4458,0,0.18219470697270845,0
21828,0,0.10530045609513261,0
27348,1,0.2976120550960053,0
25113,0,0.08486401908243466,0
27684,1,0.6271646534089266,1
10399,0,0.14688493710144943,0
29430,0,0.14299871488892182,0
23372,0,0.07035467615381528,0
574,1,0.11234986202890038,0
24938,1,0.41671206504225417,0
7175,0,0.7960801342753193,1
19058,1,0.3173302861819421,0
17715,1,0.6356902959165096,1
18656,0,0.527569565468514,1
16309,0,0.09255086523519593,0
15403,0,0.08825084574935327,0
21081,0,0.10270851489195403,0
27103,0,0.1607001648912804,0
11136,0,0.14976738753170862,0
2603,1,0.5970227790207582,1
4179,0,0.0552879334944131,0
19678,0,0.1475205893988491,0
24010,0,0.27967561611465785,0
19162,0,0.1034547565161946,0
22995,0,0.09556680498655505,0
15982,0,0.2596703631690206,0
24628,0,0.7389143196701435,1
18876,0,0.08029920776573989,0
9540,0,0.1048516379206284,0
2820,0,0.2643124671679144,0
28497,0,0.1289210770857504,0
7726,0,0.2954937269402737,0
24507,0,0.5584070366629432,1
29509,0,0.08494571938622164,0
1451,0,0.1479732539497861,0
12340,0,0.10935489386596332,0
20269,0,0.3769018327129176,0
398,0,0.1973368395476992,0
4868,0,0.09749071697924838,0
4745,0,0.15882820126471434,0
2241,0,0.14520560639191907,0
8675,0,0.22170553011460495,0
9888,0,0.07587079512217493,0
9243,0,0.06647205004673246,0
16144,0,0.10690949510621219,0
29112,0,0.30884332551679544,0
7443,0,0.1733402153843606,0
6907,0,0.09067779112618847,0
6523,0,0.26901185032509983,0
29405,0,0.07386788251259623,0
16613,1,0.7707875179071185,1
14993,0,0.15495228624733678,0
24361,0,0.15136642554451252,0
19794,0,0.3490880390204435,0
12586,0,0.06758185462833997,0
21606,0,0.08903089661701497,0
22797,0,0.0972176027297784,0
19287,0,0.10564504929267496,0
8352,0,0.12482902345477663,0
93,0,0.1379582606234824,0
13039,0,0.0967592763798025,0
11873,0,0.08308649143665049,0
17386,0,0.04910474017631421,0
11734,0,0.06805969805367958,0
24315,0,0.10108503296360427,0
23678,0,0.09474578970031212,0
16967,0,0.09520855142589105,0
2731,0,0.5291868859645427,1
11223,0,0.3621757956142065,0
1484,0,0.16530812896219862,0
24134,0,0.08421177162145994,0
27254,1,0.2159723137061701,0
26552,1,0.10390422931724891,0
5983,1,0.23906827982086523,0
13102,0,0.09161529031221516,0
21111,1,0.12083085282220032,0
22744,0,0.28370191787588867,0
9294,0,0.16279025001199549,0
6910,1,0.8157349166678708,1
27273,0,0.08191075478766395,0
7043,0,0.28814513829924004,0
6629,0,0.06766009542518268,0
27597,0,0.12578216729402342,0
18368,0,0.07361517738994885,0
20490,0,0.10711987485459332,0
29690,0,0.2631543736264164,0
11307,0,0.6829381347475845,1
24179,0,0.21616958230474698,0
7365,1,0.09454970690002451,0
28702,0,0.08442941644587142,0
26690,1,0.4379931989673462,0
15957,0,0.13929888597216852,0
18110,1,0.7794115721270294,1
24014,1,0.7119041643948616,1
352,0,0.23059215706203012,0
8300,0,0.12828074276834942,0
3877,0,0.09185737732511934,0
11154,0,0.17108251077223172,0
10301,0,0.09780014051713712,0
21714,0,0.0766289413325693,0
14444,0,0.1065912364357452,0
16766,0,0.14458090916447291,0
26931,1,0.132920676265326,0
21348,0,0.22985843227740133,0
743,0,0.09523202049032506,0
11353,0,0.14875163302734007,0
3065,0,0.09056275320800865,0
27495,0,0.2609035414541946,0
23735,0,0.07570908120733984,0
14511,0,0.5276665236812559,1
8652,0,0.12934418223339691,0
27923,1,0.5342411411615476,1
25881,0,0.09177794846596501,0
15548,0,0.13560851702550072,0
29697,0,0.062809922725439,0
25270,0,0.08659845816531231,0
18552,0,0.12888331715472462,0
5211,1,0.3546316701260352,0
15913,0,0.08931688555057773,0
17463,0,0.08584973472582061,0
1088,0,0.23196016649855847,0
7133,1,0.09537267158761445,0
9996,0,0.23735281062703745,0
27047,0,0.20688679575115462,0
29018,1,0.24192881034291766,0
18838,0,0.054207984408123,0
18198,0,0.07225786537280779,0
15644,0,0.11270646807848905,0
4580,1,0.5686658513602815,1
11379,0,0.12992992561535663,0
1054,0,0.09165357524821971,0
12218,0,0.21929533517779254,0
18918,1,0.5535256202122941,1
20778,0,0.08358031858865132,0
14098,0,0.18757571937227596,0
21850,0,0.07054900306410881,0
19437,0,0.07315361886079842,0
4581,0,0.13767226883057357,0
19595,0,0.1675160404877528,0
18108,0,0.2793877226855047,0
23967,1,0.151016131756687,0
24871,1,0.09765825859076172,0
11995,0,0.32117965793366965,0
25338,0,0.09755162276760221,0
6215,0,0.05978953543445031,0
28062,1,0.6953320084284726,1
10674,0,0.19314160346696088,0
19961,1,0.5322537824771986,1
4207,0,0.1658823178907611,0
21344,0,0.35538095984549645,0
13433,1,0.22014504195916665,0
10868,0,0.1575141141789717,0
26692,0,0.3684714667465041,0
21742,0,0.054350911524173956,0
3548,0,0.0919289036477695,0
25699,0,0.07877431921136792,0
1119,1,0.3296879978306923,0
4707,0,0.2427971545434425,0
25163,1,0.7051329137831517,1
16672,0,0.11783105717712777,0
627,0,0.09396331388062457,0
2885,0,0.08632054873507145,0
18416,0,0.12892435244005798,0
25241,0,0.11007970482893782,0
27176,0,0.09430587642525375,0
12029,0,0.4081705622978691,0
29574,0,0.47058068189101815,0
10329,0,0.2809528755341175,0
9203,0,0.10694297151170433,0
1537,0,0.2929231698436382,0
4703,1,0.24725198258572118,0
20530,0,0.12520710338885188,0
26118,0,0.10669025431361248,0
29358,0,0.49831746517987163,0
22596,0,0.22586760024528427,0
448,0,0.11832016586988274,0
22035,0,0.07374211595562004,0
9933,1,0.5340598075916916,1
20521,1,0.35020408203160264,0
27304,0,0.07775897513963385,0
25632,0,0.4373096312486169,0
4141,0,0.1232786369463386,0
20433,0,0.13045546853714937,0
12529,0,0.1562345272996014,0
12236,1,0.6770862174131903,1
8030,0,0.06131136929606006,0
11128,0,0.35331001639378834,0
21915,0,0.08595890624175968,0
12533,0,0.6350339740266516,1
12827,0,0.3679791172173846,0
13009,0,0.08563484309675617,0
12643,0,0.05886806963779452,0
22263,1,0.0894711729099075,0
28213,0,0.08671942615203503,0
9214,0,0.07017520751874139,0
14054,0,0.15249177876596454,0
6149,0,0.4092084281517135,0
20124,0,0.0899050956797141,0
3161,0,0.12195670709479062,0
274,0,0.15315665715570473,0
23230,0,0.08688932979358686,0
16188,0,0.6710055847286859,1
3319,1,0.5537206887527212,1
3712,0,0.10462921628020926,0
13507,0,0.09954716182052126,0
12555,0,0.12567103994436815,0
18835,0,0.18290774280984057,0
6831,0,0.11205040378571607,0
11575,0,0.15585496238324495,0
3661,0,0.07629395403652,0
12520,1,0.7429601558230161,1
18087,1,0.11008108474443709,0
20483,0,0.1589531176528343,0
15790,0,0.07694041497638457,0
8758,0,0.20035110615637788,0
1442,0,0.1374381343722269,0
18686,0,0.10191850628272141,0
4541,0,0.09500125736782537,0
3384,1,0.5471280420351795,1
13125,0,0.19238876787719048,0
7571,0,0.15120624399525506,0
10863,0,0.3294698517036684,0
26041,0,0.14965782269898942,0
15228,0,0.10530686575566973,0
6120,1,0.8001722089670531,1
18925,0,0.088302080597458,0
8892,1,0.18364980295857466,0
10477,1,0.2090778598910443,0
2230,0,0.10694439644420116,0
1816,0,0.14903694522998603,0
18337,1,0.30431650079786193,0
2282,0,0.09226964709451865,0
24557,1,0.2274214942708569,0
19880,0,0.16590054596133655,0
27003,0,0.10835510755042563,0
844,1,0.3219519266274877,0
15678,0,0.45283267011777795,0
15393,1,0.12713692597155293,0
9166,0,0.1021685846630663,0
12768,1,0.709398599621997,1
15844,1,0.6543658322014301,1
11143,0,0.10797812146695737,0
22275,0,0.1020559198943947,0
3257,1,0.7443171525091992,1
3906,0,0.10196404803587253,0
10388,1,0.12255722388617542,0
13572,0,0.19762834371408342,0
18637,0,0.11995120227681584,0
20127,0,0.20547590592755927,0
28186,1,0.277915669819684,0
12043,0,0.12600114252594596,0
18011,1,0.372613756970387,0
7318,0,0.10738128593640402,0
12322,0,0.22088982503116658,0
5385,0,0.3546316701260352,0
10456,0,0.09552296582681025,0
22915,0,0.30884332551679544,0
20304,0,0.15354134100893824,0
2716,0,0.36807999628907695,0
6726,1,0.4739045111658088,0
345,0,0.094176312221514,0
15307,1,0.45618319845867283,0
14122,0,0.17281644588729125,0
964,0,0.14622331858937618,0
2013,1,0.6985503110487836,1
3243,1,0.7263480144487917,1
4895,0,0.26303040428773317,0
25998,0,0.09556716590228806,0
25792,0,0.10484774241538185,0
15725,0,0.1513061752370952,0
11752,1,0.1689865042109495,0
22810,0,0.1019614944857275,0
23717,0,0.27727643515940503,0
3426,0,0.09952133625410896,0
27152,0,0.24642237882324,0
4590,0,0.08065460087229996,0
26784,0,0.07465647327271897,0
8448,1,0.0883115492118633,0
15638,0,0.14733388078685208,0
23741,0,0.11851509144985072,0
9403,0,0.2299761517354113,0
21911,0,0.1526876162750619,0
5506,0,0.14374677292826832,0
20400,0,0.14685589833854856,0
8024,0,0.11653219087371686,0
2572,0,0.3546316701260352,0
2223,0,0.13168954901880345,0
23131,0,0.21343815217485254,0
10425,1,0.6844537327923464,1
3859,0,0.19581260979139845,0
4242,0,0.11409034559396608,0
11864,0,0.31886584033405446,0
3475,0,0.1368595837926522,0
2130,0,0.058205320773942644,0
14919,1,0.0865532791602393,0
28358,0,0.22820575926701397,0
29587,0,0.09471239901162573,0
18478,0,0.1122211409269314,0
7406,0,0.2960730984657333,0
24492,0,0.05560904270381073,0
27750,0,0.1410360749407023,0
18624,0,0.1417967662944471,0
4673,0,0.14019233953104704,0
28968,0,0.07352818731670574,0
665,0,0.3572635448776116,0
12224,1,0.09676401121739404,0
3980,0,0.10610166725621935,0
14740,0,0.08729419061025405,0
30000,1,0.1153393427765777,0
11766,0,0.07077095717061438,0
16484,0,0.1543751071730125,0
14768,0,0.1212550919509997,0
7564,0,0.08435409569481898,0
10513,0,0.4684690933549968,0
16938,1,0.808755050339435,1
25983,0,0.5664720481183331,1
2981,0,0.1182706125252523,0
7554,0,0.16265556786672725,0
4392,0,0.08392335144668504,0
28660,0,0.052107760353054144,0
26670,0,0.09512835170707694,0
11667,1,0.3907303639314831,0
12368,1,0.5688592887846834,1
13523,0,0.11373866060512727,0
7331,0,0.08653947529098606,0
4535,0,0.11568090595858767,0
4721,0,0.13674737744333063,0
13361,0,0.16040459220978687,0
1924,0,0.09564906656638306,0
2930,0,0.050854471047352544,0
18594,0,0.16378966277257206,0
24911,0,0.0900723672290668,0
21020,0,0.09625745562188229,0
5389,1,0.15056733344634876,0
13329,1,0.10996470493104019,0
9990,0,0.11281481808840242,0
21935,0,0.24765638893793326,0
16335,0,0.10461262342440715,0
20686,0,0.10919424184179284,0
2623,0,0.15524398602422693,0
8650,1,0.1696804513717292,0
20831,0,0.12628797602756017,0
12699,0,0.20667727877642894,0
23911,1,0.10546644158143344,0
16223,1,0.6991416367547139,1
16027,1,0.6009324689036231,1
3707,0,0.07935848258715117,0
279,0,0.12677880100457492,0
7485,1,0.6463473004429953,1
18572,0,0.2681081089568311,0
11277,1,0.09151320529128133,0
21310,0,0.09539684401631977,0
6864,0,0.31166653078301537,0
19707,0,0.16783497622962087,0
20415,0,0.0986713699406444,0
15487,0,0.08159241310008485,0
20797,0,0.06283551108851991,0
29479,0,0.3762094543021729,0
5781,0,0.22050591813715975,0
11409,0,0.6264072131420848,1
11636,0,0.08879780710896643,0
9408,0,0.30884332551679544,0
11151,0,0.1024093694035299,0
5502,1,0.21293892200576003,0
853,0,0.12762514990261933,0
7938,0,0.1544191284655497,0
17595,0,0.16061033791213655,0
14171,0,0.08924245453234542,0
23843,1,0.09675214501388935,0
23772,0,0.10690357946941044,0
23565,1,0.6706396589695643,1
10494,0,0.11933610590523738,0
11074,0,0.13740936051587135,0
16417,0,0.14971427057422632,0
11861,0,0.15852989279962426,0
11145,0,0.13058056290807568,0
21831,1,0.3546316701260352,0
23842,0,0.11843382248288192,0
26799,0,0.12787935273935233,0
17790,0,0.44034907598094536,0
13665,0,0.14768935255362628,0
13109,0,0.0806297441028996,0
18765,0,0.0964666615727198,0
9513,0,0.08798561751099956,0
8825,1,0.30884332551679544,0
11936,0,0.09342759233026315,0
7664,0,0.06203961932143142,0
16259,0,0.20738655035771486,0
197,0,0.20668570788073937,0
18714,0,0.08881507301207354,0
28526,0,0.09837830717613398,0
24665,1,0.40103471297849014,0
24600,0,0.08722789399742911,0
7553,0,0.183976178364041,0
324,1,0.1293687101540906,0
15028,0,0.08366577234511834,0
22675,0,0.10112444392348433,0
313,0,0.25064541137856916,0
23935,1,0.6418260658416609,1
28527,0,0.2124385637782956,0
22489,0,0.16613143881894563,0
1556,1,0.0556238187097902,0
3519,0,0.14421736232467167,0
5546,0,0.1276234949527659,0
23391,1,0.15037373096604828,0
15669,0,0.053401046933406235,0
7269,0,0.777262987241507,1
2035,0,0.2324005038569924,0
29815,0,0.5752064594227955,1
475,0,0.13175047441439924,0
12974,0,0.16425410862690654,0
26502,1,0.1434012396962798,0
28182,0,0.3303064756214677,0
6012,0,0.3546316701260352,0
19439,0,0.07661394485161806,0
27161,1,0.7423072239617667,1
7692,0,0.08123779772793023,0
19322,0,0.12775734549925474,0
28778,0,0.10921636068393449,0
776,0,0.31245906690728187,0
2202,0,0.1868789956109596,0
28819,1,0.15791307110212752,0
7761,1,0.2805599872645534,0
20384,0,0.14207683921441747,0
28270,1,0.3951229847262834,0
22110,0,0.15625592218011936,0
11713,0,0.5043595642022928,1
28058,1,0.7950406675413356,1
14668,0,0.095401058885972,0
8726,1,0.15953340138431849,0
3924,0,0.13787194723584875,0
27875,0,0.08531733957877385,0
28641,0,0.11630777027955533,0
2142,0,0.1800753732371386,0
15595,0,0.11033418074877056,0
23105,0,0.0857740471326036,0
11792,0,0.12235140843482553,0
24135,0,0.13229126901123883,0
15659,0,0.10320227715371043,0
22345,0,0.2249947617816378,0
21656,0,0.16747035155941326,0
7566,0,0.08418238973892621,0
12638,1,0.21941470959995596,0
980,0,0.12021760540760935,0
26975,1,0.24359488164392532,0
14673,0,0.13681451639931397,0
29746,0,0.14353532161225113,0
8154,0,0.10385302931530736,0
675,0,0.08146127021610285,0
28547,1,0.7332886373541334,1
22459,0,0.14072088676925917,0
10145,0,0.2583132943587519,0
14633,0,0.11417743490486724,0
18040,0,0.653686810295268,1
9729,0,0.08522251930434827,0
26876,0,0.09743124926414595,0
25364,0,0.6657196684392894,1
25496,0,0.08796615823431671,0
14085,1,0.7785905760277397,1
15099,0,0.30884332551679544,0
22063,0,0.09739077044924362,0
23594,0,0.133953725783653,0
4668,0,0.17280393303682096,0
27410,0,0.12252641748189186,0
9775,0,0.05482522342490222,0
8488,0,0.6210676857479174,1
15565,0,0.2789806307540651,0
1378,0,0.1540125404639222,0
7081,0,0.4101662119061448,0
17482,0,0.11336775769487546,0
16388,0,0.07720011688148304,0
24693,0,0.32373503716323987,0
8279,0,0.2926381648702749,0
19403,0,0.1431010143793673,0
13695,0,0.1011175379301497,0
24631,0,0.15368473117059786,0
19033,0,0.5953646155652623,1
10575,0,0.145433349057933,0
18958,1,0.7148192648738666,1
28347,0,0.14869825271693907,0
100,1,0.14069943921156638,0
20322,0,0.0961961764756219,0
15066,0,0.05616984043568829,0
8905,0,0.08511953031203058,0
7709,0,0.2619498234347251,0
23260,0,0.08348637583547895,0
6240,0,0.08065460087229996,0
3101,1,0.13311809805013197,0
1427,0,0.12158634994048771,0
15215,0,0.14647312200654056,0
21655,0,0.07469566290702087,0
29219,0,0.09276083559319934,0
15764,0,0.764326391422817,1
12928,0,0.159278618251901,0
25043,0,0.2939602222967947,0
21040,1,0.09298961890096785,0
19353,0,0.09365867772416671,0
27659,0,0.3546316701260352,0
16355,0,0.08246177591439242,0
1256,0,0.32146772121179734,0
21127,0,0.1916660887102566,0
4048,1,0.8004488569748256,1
25344,0,0.24451350871513852,0
3078,1,0.13560352018277652,0
7232,0,0.08044733722498386,0
3048,0,0.1299869875522429,0
23578,0,0.06463952203666719,0
26768,0,0.14459496704394384,0
24849,0,0.12365002723102628,0
5624,0,0.30884332551679544,0
12215,0,0.1623391554552667,0
13087,1,0.21611377065962573,0
18363,1,0.1855802939057836,0
26866,1,0.5331449411504487,1
25173,0,0.15421947958992624,0
6245,0,0.11146661423044044,0
4126,0,0.10781620391406387,0
29750,0,0.22169414832591264,0
2679,0,0.10944836814308251,0
8880,0,0.11357006585206532,0
5007,0,0.17297843388357126,0
18742,0,0.10015512051565079,0
4449,1,0.2010514857318732,0
29513,1,0.20153888898225256,0
17602,0,0.08875202695692039,0
20638,0,0.4488719899380931,0
23436,0,0.1398849359172959,0
6713,0,0.08422805421935144,0
6268,0,0.12917683436236987,0
873,0,0.06661428657957245,0
17467,0,0.10477525989543468,0
14802,0,0.2758572485013541,0
27585,1,0.14793257897625314,0
20766,0,0.14936588927176397,0
24356,0,0.19308188590249725,0
26726,0,0.1063348769528327,0
1024,0,0.162611573223224,0
25425,0,0.11941305578073441,0
24166,1,0.8709382052800753,1
706,1,0.1293251402694011,0
5605,1,0.16894661218368653,0
16011,0,0.11370809823422916,0
12288,0,0.18154328732079614,0
14242,0,0.11140085714153246,0
25359,0,0.14922612535573265,0
14256,0,0.08537775569739836,0
9621,0,0.08756215162404198,0
14188,0,0.12370645579458664,0
20301,0,0.17666437981988292,0
17820,0,0.14338636239856184,0
11912,0,0.28840184004271524,0
5139,0,0.10073565265708458,0
25759,0,0.12043674577783976,0
29874,0,0.0880071368592974,0
10264,0,0.22853210310715497,0
17440,0,0.09345715964131679,0
19156,0,0.125384833239813,0
16149,1,0.13299437555379018,0
19808,0,0.129551039401789,0
11239,0,0.09341212271843738,0
27743,0,0.7662326097633643,1
5815,0,0.19200011016494983,0
11153,0,0.08374050162538546,0
10952,0,0.2976511126555846,0
22475,0,0.4777155385472871,0
22147,0,0.11924301536101165,0
13578,1,0.290409705260817,0
25140,0,0.11163275968525388,0
27248,0,0.05468207892565061,0
21667,0,0.12402676017659114,0
22829,0,0.12418617155334497,0
26385,0,0.08569847178371572,0
14215,1,0.19694746567905536,0
25868,0,0.1243916627364407,0
14920,0,0.05707099991715617,0
21292,1,0.30884332551679544,0
867,0,0.1247657783087036,0
3223,0,0.4920042282551105,0
16198,0,0.31682472989971133,0
9393,0,0.24608558608513253,0
27378,0,0.09746521875708139,0
6603,0,0.14626972079630948,0
16688,0,0.12335771267671167,0
29384,0,0.0956907793031685,0
9193,1,0.6961235236569766,1
20630,0,0.1444330935205533,0
8677,0,0.05463777513389698,0
7176,0,0.08505692958605293,0
6165,0,0.13352088106410379,0
8890,0,0.0995393114339464,0
16005,0,0.12199957376542507,0
23863,0,0.2572741835603438,0
4406,0,0.0633844375434601,0
9527,0,0.11847316863420279,0
12216,0,0.10114769597105483,0
21589,0,0.15150006893065113,0
7555,0,0.3767608281445984,0
7086,1,0.3546316701260352,0
23708,0,0.15521042964298767,0
14887,0,0.20502378710737143,0
4640,0,0.4099100676460695,0
5392,0,0.08076881959229888,0
14481,1,0.14672215314496626,0
8743,0,0.05524455089118813,0
2534,0,0.10561980292329454,0
9227,0,0.24119465727332068,0
3698,0,0.3424406730580795,0
26089,0,0.6360562875021312,1
27896,0,0.09054228450043432,0
22975,0,0.16189330253639916,0
21951,1,0.23973887322014256,0
21218,1,0.718430148730075,1
16115,0,0.09070243408361771,0
24379,0,0.3546316701260352,0
29495,0,0.06550209140039372,0
20713,0,0.12218999907804895,0
22590,0,0.11124945737498752,0
23437,0,0.3390414482682701,0
929,0,0.05590305258350832,0
6886,0,0.1258950726934845,0
7101,0,0.08070209800454098,0
5457,0,0.09983764198353665,0
9094,1,0.7413991680377137,1
27305,0,0.09651512590642121,0
23184,0,0.10997768694820939,0
17920,0,0.12908310487977526,0
15874,0,0.08475679067188872,0
9649,0,0.07500565619731181,0
12478,0,0.06806490457562632,0
19729,0,0.11182521202494829,0
17182,0,0.15308354455347528,0
3123,0,0.09285897729396565,0
9301,1,0.09630993940145109,0
29295,0,0.09453075393707584,0
5415,0,0.10670888609807477,0
4385,0,0.23940395873394896,0
11189,0,0.08299336668885662,0
19272,0,0.09402109740621434,0
10950,1,0.1423630858574505,0
19418,0,0.09355796387283365,0
10084,0,0.7486667537667389,1
28740,0,0.26204393400089954,0
26311,0,0.30884332551679544,0
1412,0,0.08390047047508316,0
11451,0,0.21447172269404047,0
29848,0,0.05054262730740312,0
9310,0,0.08478672934379676,0
22844,1,0.09742411577931294,0
15245,0,0.36369772224656693,0
5750,0,0.2296289931731796,0
3511,0,0.14580214251526244,0
14146,0,0.06715005109470704,0
24141,0,0.23911349530118403,0
29072,0,0.10272067888027722,0
19265,0,0.5452090886724877,1
21006,0,0.09348300306675145,0
6945,1,0.17702397411309037,0
14510,0,0.43453557848234,0
2765,0,0.091591934027702,0
15695,0,0.21949819048447047,0
16414,0,0.1923011560506512,0
13111,1,0.07276936593621716,0
3069,0,0.05884906274418105,0
19070,1,0.7936330983647899,1
27098,0,0.13214722342211538,0
7050,0,0.0981843171388812,0
4470,0,0.08290017154664628,0
6326,0,0.1340133418315135,0
11683,0,0.08252713938039484,0
22759,0,0.07365510511958372,0
12671,0,0.09260262114999201,0
14065,1,0.13092313856555637,0
20503,0,0.09336493831156194,0
4904,0,0.09557379615563773,0
13558,1,0.1464770126232757,0
9100,0,0.0837922735364255,0
5844,0,0.21868369661176942,0
15802,0,0.06610773478765486,0
29936,1,0.09295195959641261,0
12618,0,0.08646074963597844,0
22166,0,0.09859480819257842,0
8280,0,0.09199632374214264,0
27895,0,0.09123123538755774,0
29884,0,0.1161415962490377,0
9702,0,0.24754989201889546,0
18186,1,0.5972545287102377,1
28721,0,0.15411951179008077,0
6532,0,0.3944258397192239,0
5326,0,0.15256097392519719,0
26052,0,0.07937572079441847,0
6539,0,0.19063621607115852,0
9580,0,0.2662846857850438,0
912,0,0.09508959807522768,0
12168,0,0.173599928104034,0
492,0,0.7525047718511808,1
20339,0,0.5465750611794965,1
23910,0,0.4472583041794564,0
16551,0,0.0748006937346623,0
1389,0,0.08318573577619696,0
20640,1,0.5816004424383978,1
5860,0,0.3546316701260352,0
17597,0,0.08183752606291629,0
6647,0,0.08937535997434437,0
1699,0,0.21178399394206962,0
17757,1,0.9626803972195854,1
3299,1,0.40522174733933886,0
4973,0,0.15444587989063363,0
15492,0,0.08710905479728448,0
17134,1,0.654949610658242,1
10841,0,0.0717043892837545,0
24532,1,0.12924878886532046,0
24048,0,0.12368138097482768,0
18068,0,0.5028476167696961,1
16471,0,0.08016564251363328,0
16868,0,0.4745442330569684,0
21610,1,0.12415570583798342,0
25046,0,0.09395383878295432,0
9490,0,0.14144691231870415,0
13631,0,0.08374890649823417,0
21480,0,0.08489387278441163,0
13495,0,0.08844851955400512,0
29158,0,0.3546316701260352,0
12574,1,0.28226512288285005,0
24581,1,0.14525610976242068,0
27835,0,0.0942057715219786,0
11592,0,0.3800710064821735,0
13686,0,0.1210519185027991,0
1104,0,0.11440709451207556,0
29603,0,0.136090278019012,0
11083,0,0.14209758602894712,0
26937,1,0.3818404786499904,0
9135,0,0.08731269735428784,0
3923,0,0.15116867169453696,0
21012,0,0.11301613292185174,0
29721,0,0.13963915053287979,0
14899,0,0.30884332551679544,0
14945,0,0.11178986770805098,0
11897,0,0.09965673910410944,0
20805,1,0.15772856626439424,0
6920,0,0.10601102630609946,0
24634,0,0.1031953737016068,0
1476,0,0.09713093154800992,0
1732,1,0.11354067328148157,0
2541,0,0.14100730190307487,0
27604,0,0.12261627626869068,0
23527,1,0.3834844488307916,0
25088,0,0.1015581484772958,0
5712,0,0.10687617804020506,0
1982,1,0.8220772382853461,1
23107,0,0.08319785754777109,0
15394,0,0.11429349251025517,0
17625,1,0.2542274379774816,0
2281,0,0.13069104377912752,0
22097,0,0.09231226907600107,0
25582,0,0.30649199424430085,0
1110,0,0.4052911937212597,0
7213,1,0.1582587622228612,0
2719,0,0.11864998142802356,0
25458,1,0.12649394569378336,0
20028,0,0.19974779757848485,0
11525,0,0.12885640438309306,0
2933,0,0.08626019584010047,0
16443,0,0.14402137426040895,0
2509,0,0.12943019708845585,0
8378,1,0.3546316701260352,0
24186,1,0.2926780039188886,0
791,0,0.4432790738001188,0
3821,0,0.3160717169731814,0
26479,0,0.16493975189739507,0
24238,0,0.1561307032943809,0
11503,1,0.12842642791027287,0
1835,0,0.06197701074200004,0
25431,0,0.20632086834454047,0
20045,0,0.14574297448383744,0
6485,0,0.13451334065514836,0
16811,0,0.10847299423503592,0
21894,0,0.0692939213517168,0
1589,0,0.08338633848696674,0
6251,0,0.17694477691243007,0
25340,0,0.27337815008773103,0
15840,0,0.19099550896844789,0
5129,0,0.5616879215587872,1
26923,0,0.1660828356854413,0
22799,0,0.2816952132251329,0
23693,0,0.07446331041326346,0
4094,1,0.5707126798788485,1
27035,1,0.8210235080307021,1
17901,0,0.45607140142446945,0
16704,0,0.13373364287631895,0
25694,0,0.09543325092515943,0
12456,0,0.3546316701260352,0
20392,0,0.17830672570780276,0
4570,1,0.7537084141060906,1
4344,0,0.09141610787324554,0
26874,0,0.21759672575245176,0
5785,0,0.19656007256903807,0
7919,0,0.08550856609402886,0
23212,0,0.13492552339133818,0
4105,1,0.6038787528102362,1
21602,1,0.7169754933556536,1
29705,0,0.11346465732091582,0
24790,0,0.1606485755514617,0
5928,1,0.09053090107122634,0
9683,0,0.08935551125497106,0
8212,0,0.0610027403250846,0
20445,0,0.09798194032785323,0
29215,1,0.4349969046747013,0
26407,0,0.30266186648874555,0
3266,1,0.3546316701260352,0
2389,0,0.1079374035149058,0
2498,0,0.22402728145706238,0
16271,0,0.09173668522907921,0
11258,0,0.08996247927999791,0
12682,1,0.09363248805988268,0
4204,0,0.08947946915233125,0
19671,0,0.36260276361872895,0
15429,0,0.1198166265397378,0
13545,0,0.10958076947693347,0
5046,0,0.18879787982558485,0
5187,0,0.12998731096696856,0
26483,0,0.09664361009419777,0
28418,0,0.3546316701260352,0
28990,0,0.13385085562198726,0
7582,0,0.08882125558253212,0
6484,1,0.14459371712611355,0
26475,0,0.10583434489724869,0
21354,0,0.12387328519999084,0
8410,0,0.08089205140727743,0
47,1,0.22182983891605057,0
15618,0,0.30884332551679544,0
18969,0,0.1206675939181637,0
14306,0,0.20755508654452154,0
10190,0,0.081963552448443,0
29000,0,0.0898236835366601,0
29418,0,0.1256515071717212,0
17384,0,0.11025589974079754,0
3580,0,0.4653201764049605,0
27095,0,0.09639652164314315,0
12284,1,0.10065064099050418,0
17093,1,0.09147044997694677,0
10203,0,0.08626756775420724,0
29747,1,0.36453714518499786,0
10466,0,0.09101348785277696,0
26028,1,0.26954915992771633,0
23067,0,0.10288024548848798,0
25229,0,0.12137477188695912,0
17167,0,0.13418648715627135,0
29723,0,0.13452773882959143,0
244,0,0.2684463348121774,0
29273,0,0.20235895648993107,0
24742,0,0.12355810201574842,0
17117,0,0.0986647101760441,0
11445,0,0.2914665578956359,0
22749,0,0.14515046426495687,0
4422,0,0.10515361674787264,0
2951,0,0.7443676002678157,1
24809,0,0.269669502664144,0
4029,0,0.12745162838161558,0
24576,0,0.15780862815832714,0
1662,1,0.24554533138683968,0
17958,0,0.13878241964669413,0
24782,1,0.582594172990786,1
16994,0,0.11941912536935818,0
14688,0,0.15705672888947697,0
20800,1,0.3373197071712861,0
24647,1,0.08466642062646931,0
15288,0,0.4615346098025532,0
10125,0,0.8576149351772528,1
12229,0,0.13651139126481524,0
7476,0,0.32977571370287756,0
5805,0,0.10408639622641967,0
3711,0,0.08978774339355104,0
24103,1,0.40470745027485405,0
3032,0,0.24868033481427407,0
1938,1,0.1303908493393011,0
5454,0,0.12125512675851143,0
7999,0,0.07658881425596042,0
25180,0,0.12376016765754363,0
17776,1,0.7571910175881696,1
29517,1,0.13291149656669002,0
29659,0,0.12372093670029112,0
26454,1,0.14127060800430416,0
21483,0,0.09172724308849375,0
10856,0,0.14574127006248266,0
28235,0,0.09161736590534757,0
10040,0,0.2190047766790605,0
1283,0,0.0870290559949241,0
15462,0,0.32140367409363074,0
4352,1,0.15627861529612103,0
7648,0,0.4520150083995951,0
26256,0,0.12120594309613615,0
3844,0,0.09869132667170775,0
21784,0,0.12743162805272137,0
5825,0,0.5876063743510737,1
21131,1,0.1172907830730415,0
12591,0,0.17220976296748294,0
5116,0,0.6650984961059418,1
13587,0,0.08271990485153749,0
22561,1,0.31617850865108044,0
7574,0,0.25373866165005005,0
17522,0,0.08993564153549262,0
7614,0,0.10384758922125034,0
11292,0,0.14616252591605508,0
18427,0,0.15030026539199803,0
19960,0,0.24334553266616019,0
16557,0,0.0891989187976648,0
12703,0,0.14663583378849507,0
11062,1,0.08707349737976415,0
6146,0,0.3132054594042967,0
11283,1,0.4021545441605599,0
4373,1,0.12915938444157685,0
9876,0,0.09791483074951879,0
19296,0,0.13756078357275328,0
25289,0,0.12045927468305535,0
23792,1,0.6535847604401142,1
23668,0,0.17774513438122708,0
5283,0,0.09423812416907523,0
5215,0,0.18379362037515162,0
53,0,0.06577251793452456,0
19356,0,0.09722828804299613,0
17445,0,0.3546316701260352,0
3354,0,0.47436429976397526,0
24972,0,0.14676551514920802,0
25104,0,0.14714418549095215,0
23335,1,0.07748169908260683,0
18755,0,0.1503929702435644,0
26788,0,0.06504226666769798,0
14447,1,0.7464057074412732,1
17320,1,0.5451692981613812,1
19978,0,0.3546316701260352,0
6789,0,0.27934081142275047,0
10009,1,0.1917813087057287,0
1599,0,0.07117480563795762,0
21991,0,0.1055453683703398,0
5728,0,0.08907954956685137,0
211,0,0.09258566426643793,0
12012,0,0.23593883710772687,0
23503,0,0.2584446787332492,0
24460,0,0.33758548745812533,0
19176,0,0.23630258707118895,0
2141,0,0.5107846750755326,1
4304,0,0.11108616375627156,0
11454,0,0.1801781741465334,0
14576,0,0.20430493602241132,0
6396,1,0.26009460815674884,0
10386,0,0.22827439577331152,0
22569,0,0.2420213301183675,0
14754,0,0.17415693934887203,0
24076,0,0.699893900977999,1
17787,0,0.11545424531140756,0
14404,0,0.07370465928421399,0
502,0,0.5984996377883305,1
23010,0,0.30884332551679544,0
16993,1,0.1494597850279696,0
12543,0,0.10622225316221191,0
16419,0,0.1416650744134607,0
27951,1,0.6301614021733595,1
17006,0,0.25349666537897186,0
9988,0,0.1566575030700713,0
26915,1,0.7724527069916473,1
16651,0,0.1856720881703821,0
17928,0,0.357188023045131,0
8714,1,0.24773046078591318,0
29124,0,0.12568991849139105,0
19982,0,0.08024333075558517,0
10060,0,0.1291007602754758,0
7452,0,0.3546316701260352,0
26457,1,0.11637798875091523,0
24408,1,0.16700106291881212,0
9321,0,0.08667946026290528,0
21369,0,0.7465228113525306,1
4914,0,0.19290810732294786,0
19508,0,0.30884332551679544,0
24241,0,0.10344853522074507,0
6224,0,0.14366391070029874,0
5237,1,0.5462790014646574,1
29732,1,0.14761888706780346,0
18732,1,0.42660933857142863,0
4121,0,0.07810295303970309,0
29357,1,0.6443235219370379,1
28916,0,0.16374003097303766,0
5658,0,0.17821537445192992,0
3194,0,0.1248439284120473,0
21291,0,0.06462797139487209,0
24522,0,0.09978122942792533,0
3163,1,0.15097578922930135,0
11968,0,0.07427735887537429,0
8942,0,0.08353597735944804,0
11190,0,0.15741408107643348,0
26146,0,0.1326078285504166,0
12918,1,0.1469166978667113,0
1739,1,0.15354929397963277,0
14009,0,0.0916571433373705,0
8619,0,0.08898856421202586,0
13163,0,0.2922791635932563,0
11316,0,0.10048218596477863,0
9699,0,0.30884332551679544,0
20834,1,0.32275507662179753,0
19473,0,0.11677094650156983,0
13886,0,0.07323962644832985,0
10063,0,0.4026544393278669,0
11914,1,0.2739490959597332,0
29238,0,0.1019193693333621,0
25240,0,0.10868514767303392,0
29788,0,0.44298457863372415,0
14898,1,0.2860414713671046,0
9873,0,0.1592444188320649,0
19807,0,0.05890569689206721,0
9402,0,0.08803143132867114,0
6949,0,0.05496258417914293,0
24376,0,0.12506622740676046,0
28009,0,0.3546316701260352,0
12403,1,0.14045816656464813,0
7654,0,0.15034110062571926,0
28676,1,0.5616106651487864,1
26388,0,0.08485373620070247,0
2961,0,0.1202639007074278,0
6434,0,0.14531722629027663,0
18725,0,0.0809608057328229,0
20283,1,0.8314599070615438,1
7210,0,0.10495068795468634,0
13316,1,0.236270547615335,0
23589,0,0.1286361622032635,0
3830,0,0.17795058565291463,0
2843,0,0.35805636279273856,0
3054,0,0.18772250189958398,0
6731,0,0.09020739893423377,0
11512,0,0.18907360072801682,0
13062,0,0.20829131154774008,0
17548,1,0.6857345388389731,1
25748,0,0.22114905566644985,0
12260,0,0.15513939203231852,0
9085,1,0.8367363739392779,1
15054,0,0.15239941612748414,0
15031,1,0.7234866776802898,1
11629,0,0.10475290076967714,0
17898,0,0.07791885140385432,0
15839,0,0.0819673597537638,0
27651,0,0.6694410353408863,1
8659,0,0.06809760711161196,0
3428,0,0.2969516583646551,0
14005,0,0.1075563282638467,0
15738,0,0.08536810095091336,0
14836,0,0.0912410836719833,0
26572,0,0.14367096349159236,0
27449,1,0.45511509803928396,0
20986,0,0.1020397120548913,0
3173,0,0.1090143693517248,0
25474,0,0.09446984102463098,0
28654,0,0.05221628308205619,0
9170,0,0.08316458922386674,0
3930,0,0.12345203381144287,0
16834,0,0.5625450647872756,1
6249,0,0.05724468024964593,0
18598,0,0.08116171049830824,0
2062,0,0.11015592227672227,0
2565,0,0.3546316701260352,0
23787,1,0.41573725490132263,0
14406,0,0.1444335356244822,0
17247,0,0.37730504337115517,0
29428,1,0.41312450428815417,0
23833,0,0.0959215412206806,0
1967,0,0.19078266773679003,0
23091,1,0.30884332551679544,0
21314,0,0.26954915992771633,0
5097,1,0.5509213014805135,1
2901,0,0.1353771351337845,0
1691,0,0.05515435234278148,0
18522,0,0.08870625746229749,0
4414,0,0.07609775338010887,0
507,0,0.11330057653338693,0
2044,1,0.1285484190541299,0
19591,0,0.053794448402164054,0
23168,0,0.11583501443294617,0
16720,0,0.0787414023505831,0
17496,0,0.12909111383077887,0
11289,0,0.09095889550019999,0
6405,0,0.10455862084900247,0
26639,0,0.16783406596975253,0
24075,0,0.2680242144738343,0
15421,0,0.20558448940242094,0
6187,1,0.2895281032933195,0
21821,0,0.1287562184514519,0
10644,0,0.43635209607583464,0
18981,0,0.09506862718936858,0
20318,0,0.09660691160027694,0
26759,0,0.12181231725348972,0
7787,1,0.6630529990151238,1
20823,0,0.07185662599927647,0
29039,0,0.4098315347542283,0
13996,0,0.21607811805454458,0
1570,1,0.11269987890847659,0
23309,0,0.12720369981880125,0
24358,0,0.05679342009694222,0
25311,0,0.07850667887965118,0
16503,1,0.7277157351283539,1
28698,0,0.0929057179610465,0
13067,0,0.16658663404218643,0
11770,1,0.12206021996385749,0
22566,0,0.10412119373316299,0
9713,0,0.08538652649683932,0
14875,0,0.15548921937396912,0
6742,0,0.08529758963831192,0
13318,0,0.06305150551282634,0
1267,0,0.10108875676109802,0
12837,0,0.09334470183661787,0
1303,0,0.19517034603575698,0
25559,0,0.06363296747807781,0
18041,0,0.10722775695363651,0
26602,0,0.16981041702138583,0
1969,1,0.5239071732392543,1
19805,0,0.13539481513336876,0
14245,1,0.8924493423638853,1
3116,0,0.30306805509851337,0
3640,0,0.10035194048238238,0
1963,0,0.09311251689005598,0
11926,0,0.0889975853895943,0
22198,0,0.09134213306581156,0
6463,0,0.18202721371314268,0
9444,0,0.13590547413673812,0
1048,1,0.4783060731589519,0
20889,0,0.253056880691125,0
17497,1,0.603429392150963,1
11417,0,0.1722867775836508,0
27810,0,0.7163008602327409,1
22876,0,0.09603770090015312,0
29852,0,0.15207761385235155,0
6389,0,0.20646690552657607,0
1759,0,0.12168032567513279,0
11434,0,0.12636484100472795,0
29543,0,0.10713575475522868,0
8732,0,0.09216242026079068,0
12399,0,0.28704753798224936,0
22719,0,0.0657772248691164,0
25466,0,0.14814587547399177,0
10822,0,0.3546316701260352,0
22201,0,0.09894493913733696,0
17225,0,0.2178467578121758,0
24931,0,0.11222168980226874,0
6481,0,0.12736727865821837,0
14751,0,0.10004615248047295,0
12921,0,0.12628620405676347,0
9756,0,0.6400957911914833,1
19886,0,0.09496848872970708,0
27812,0,0.12330356354535237,0
22870,0,0.3546316701260352,0
15603,1,0.3703349972863076,0
13582,0,0.2949084520741968,0
21553,0,0.1430729367760704,0
29950,0,0.10167441099070171,0
6758,0,0.21627643572875552,0
2755,0,0.17378200140696445,0
16430,0,0.18586933036094386,0
7421,0,0.17523661753667497,0
981,0,0.08908802671403773,0
26019,0,0.07174732269429629,0
18404,0,0.1570131619509832,0
8635,0,0.2538495284194981,0
335,0,0.14180650512025372,0
14728,1,0.08656253897352531,0
17542,1,0.5066697219555302,1
25823,0,0.11156894653890057,0
21962,0,0.10642222322156156,0
23663,1,0.830521654861841,1
8640,0,0.1329889337025481,0
28032,0,0.11819946311834145,0
22651,0,0.09284377277319195,0
14764,1,0.7683706254468539,1
9267,0,0.11749507811196415,0
10715,0,0.1591400914171732,0
4348,0,0.38942703954477514,0
23144,0,0.09340760303646828,0
19262,0,0.10500632193129497,0
22714,0,0.09400705542926534,0
275,1,0.30884332551679544,0
10366,0,0.1959527551478106,0
12120,0,0.4940605347449051,0
5524,0,0.05918160736653182,0
25275,0,0.12864048229623154,0
28856,0,0.09435570440886897,0
10728,0,0.15321523361427908,0
17266,1,0.6118297030614586,1
22544,1,0.3054880990642702,0
5473,1,0.5012962917761458,1
18599,0,0.0922339113015958,0
21091,0,0.12748745139803666,0
12407,1,0.7919806426958883,1
17069,0,0.08566334197427813,0
20312,0,0.0986716448239078,0
20019,0,0.12750139065989105,0
4992,0,0.11442903969231494,0
1397,1,0.37608267278052276,0
12433,0,0.742279516089195,1
15278,0,0.08613052551937557,0
11334,1,0.7258263753607396,1
17220,1,0.19368657209627838,0
21505,0,0.18595889107704175,0
20821,0,0.09150343541318749,0
6071,0,0.10786902122571031,0
9062,0,0.6224261255805985,1
658,1,0.10100812857414301,0
8506,0,0.3192181420735215,0
28815,0,0.29415631440023654,0
6903,0,0.07111271856941076,0
24419,0,0.22969621162864126,0
1435,0,0.14128749534073606,0
18125,0,0.11721931526616512,0
8864,0,0.07948098870326613,0
6129,0,0.17232307748530673,0
29894,0,0.12409524616407755,0
944,1,0.6175077485705067,1
7487,0,0.14588000249141797,0
3929,0,0.06824521306546055,0
9385,0,0.5524217656290096,1
11192,0,0.176875653127815,0
19312,0,0.08713994211843615,0
20157,0,0.08949456866850301,0
29673,0,0.28582107238993065,0
26395,0,0.6167340904049351,1
17796,0,0.42550324762974706,0
5222,1,0.12153655693037493,0
11718,1,0.10009223484878936,0
20628,0,0.24785830635625047,0
3579,0,0.22371220267365327,0
8529,0,0.08544099477301474,0
13310,0,0.09376284141241271,0
21923,0,0.11723758689480572,0
906,0,0.24456943835555225,0
7841,0,0.1495390991667474,0
2618,1,0.6087387367206816,1
24337,0,0.07466363742416228,0
6952,1,0.3939427372661007,0
11404,0,0.7055657912703794,1
8970,0,0.07998469741403416,0
21485,0,0.09771730411782716,0
11582,1,0.5292659785931719,1
21888,0,0.10933351851587447,0
9927,0,0.22532642369013253,0
18791,0,0.1211541986454691,0
3059,0,0.0758593646616956,0
28663,1,0.8201121284138847,1
8145,0,0.47225468275212346,0
17449,1,0.10452577659457454,0
16747,0,0.09804613689425906,0
22772,0,0.1268360662889542,0
22391,0,0.09804219637676681,0
15819,0,0.09173871575060621,0
16738,0,0.1669394855147657,0
28437,0,0.13769090150450683,0
6889,0,0.2775879951173664,0
16604,0,0.12456097185232838,0
4603,0,0.10045028401985022,0
15484,0,0.18584051087732217,0
6825,0,0.12378478767056487,0
331,1,0.1940448720320891,0
25444,1,0.12776595164932444,0
19698,1,0.8306621043000433,1
11816,0,0.2704716043070476,0
28100,1,0.587046009510348,1
20258,1,0.09333721868854412,0
14243,0,0.09537702964791121,0
22998,0,0.07793676132523926,0
15080,0,0.18989073836887357,0
2287,0,0.3817871905179945,0
29204,0,0.09096662556305254,0
23596,0,0.16887765043156971,0
20169,0,0.11815895544623074,0
10959,1,0.5137996835780236,1
4297,0,0.2264706838548012,0
4750,0,0.12860344145054192,0
12711,0,0.14141569014014135,0
23468,0,0.09863532138598494,0
21869,0,0.3064954197388355,0
1183,1,0.5511928729470064,1
4773,0,0.08614375651934565,0
29742,0,0.10370915701612786,0
20957,0,0.08955429281898626,0
12987,1,0.7143069469351429,1
5536,0,0.07581773785781783,0
11583,0,0.11536971829495211,0
9392,1,0.340541885308333,0
24471,0,0.09874120152260955,0
7793,1,0.7869006559487569,1
27295,0,0.14787886474904777,0
16681,0,0.11421667002838996,0
14619,0,0.0977599469864964,0
3549,1,0.457148788381858,0
26757,0,0.08030355410804846,0
28248,0,0.14914300967521735,0
23835,0,0.2628823383111723,0
5438,0,0.09496861436309655,0
20062,0,0.10804638359286814,0
12537,1,0.08975067506108983,0
21003,0,0.0948511452446387,0
12585,0,0.20372232410853056,0
12595,0,0.11835346954149399,0
10134,0,0.379345168695005,0
22268,0,0.10111382004636567,0
11069,0,0.05995675499422341,0
17557,0,0.12482926228033808,0
10497,0,0.13278467798537447,0
21968,0,0.15190424834802582,0
3395,0,0.2750072002274798,0
21252,0,0.14489967175556842,0
22543,1,0.7420840520184787,1
10002,0,0.2382193507482413,0
6441,0,0.08829918626045367,0
5041,1,0.19668937097767633,0
5599,0,0.12812825680344891,0
22686,0,0.3025333608042669,0
8296,1,0.7414967550503511,1
17244,0,0.08648482695494449,0
15985,1,0.12450375531735958,0
5573,0,0.09514553570705427,0
29256,1,0.15815931907458114,0
28529,0,0.09461873124584935,0
22040,0,0.13794388547509912,0
9947,1,0.6868691670904223,1
26332,0,0.08436787895198612,0
23813,0,0.07486467636503433,0
1665,0,0.11543822410547337,0
21780,0,0.09250411628180918,0
29551,0,0.7141983389431442,1
23704,0,0.1150374584771512,0
23240,1,0.48321907874664866,0
27487,1,0.12298729600553844,0
22086,0,0.09056721633074455,0
6880,0,0.16295426474357755,0
17035,1,0.18000004604866404,0
12742,0,0.2021641076712081,0
8911,0,0.6127909978472256,1
4784,0,0.11507778325354405,0
25916,0,0.5577273039878904,1
10877,1,0.24075913022749432,0
8162,1,0.34544776874222216,0
12844,0,0.18425486091742993,0
21097,0,0.08594561165951814,0
27801,1,0.7696492102090343,1
5926,0,0.1792680870501029,0
14354,0,0.14190889304682147,0
7327,0,0.14510232507910512,0
289,1,0.6726435304909181,1
3526,0,0.10222351543521997,0
27658,0,0.6115280842594281,1
7781,1,0.09738062727898861,0
14725,0,0.09951045438963656,0
25984,0,0.07378842689322826,0
23346,0,0.05534017833164445,0
122,1,0.3546316701260352,0
11962,0,0.05537084137653986,0
2715,0,0.7877595642796758,1
891,0,0.2504207965742919,0
1244,1,0.6790525778334365,1
14543,1,0.8225138862064284,1
27770,0,0.09958042037840878,0
19867,0,0.14649983848119316,0
17674,0,0.1062965652155849,0
18603,0,0.07396770283832797,0
9173,0,0.06841877010115564,0
7569,1,0.7978855215792834,1
28628,0,0.21452824303969617,0
5534,1,0.12740173962380463,0
15182,0,0.10190269314834001,0
21346,0,0.09785084729123508,0
15378,0,0.30884332551679544,0
17502,0,0.09395846662016216,0
28550,0,0.08667946026290528,0
9247,1,0.2234622100096389,0
703,1,0.16718112921976924,0
11627,0,0.07902651927605828,0
13054,0,0.16465731974724282,0
5689,0,0.07826291451620064,0
13928,0,0.101495153430739,0
7376,0,0.6076945960666685,1
18673,1,0.15059600306641696,0
24449,1,0.5261533244625963,1
27052,0,0.13971516820788601,0
22124,0,0.0994800416476405,0
13358,0,0.15020637201946832,0
4480,0,0.09323657945090291,0
26328,1,0.5257481874546684,1
12365,0,0.2721507349200861,0
26399,0,0.08783162956340072,0
1036,1,0.48510914201769423,0
16762,0,0.130944298414415,0
28768,0,0.16041760609573874,0
27908,0,0.08142092957576211,0
21817,0,0.07749777045865798,0
23209,0,0.06973525551462428,0
3708,0,0.10434718588072185,0
7108,0,0.18765054619716198,0
29305,0,0.10273301553803706,0
11728,1,0.08551913219120777,0
10022,0,0.08729204706242072,0
26263,0,0.1364911440167669,0
20142,0,0.07144758159528458,0
6917,1,0.7477769865131217,1
14418,0,0.09217289139274537,0
24388,0,0.06620318588198844,0
11401,0,0.08586431345326664,0
17352,1,0.4952660819349719,0
16526,0,0.30884332551679544,0
14314,1,0.14211511711221292,0
16216,0,0.13279959644608152,0
17500,0,0.08377856834627127,0
9812,1,0.7502326409126076,1
21124,0,0.07999385114955844,0
7653,0,0.1482899937949207,0
26622,0,0.12373756555348928,0
10017,0,0.09716502435183066,0
8481,0,0.16604199470067965,0
13621,0,0.14152799818893302,0
29855,0,0.07258193595924753,0
2902,0,0.25703154664737055,0
7601,0,0.25532523136809937,0
11248,0,0.11197369811371853,0
4439,0,0.05950650975795355,0
19196,0,0.10234858426985984,0
18879,0,0.09902148562356108,0
3489,0,0.1658739604477005,0
716,0,0.11673947646433738,0
6935,0,0.09245559665157592,0
6135,1,0.17927267199870467,0
11161,0,0.14458733449290823,0
29812,0,0.145849053456301,0
12194,0,0.2026861089735873,0
21789,0,0.1527167780702362,0
5305,1,0.12852884828134753,0
21027,0,0.14354003656626993,0
1449,0,0.152912663285142,0
9148,1,0.4107501826216401,0
402,0,0.14939842122602529,0
14601,0,0.428737786361918,0
27922,0,0.09356861911008003,0
18653,0,0.061209426528248186,0
16696,0,0.10858908701463968,0
29475,0,0.08657661486593758,0
6657,0,0.13396733705440295,0
3397,0,0.15329677998211594,0
16975,1,0.6303774938317879,1
8371,1,0.5165807698997227,1
12408,0,0.10443557407361773,0
23786,0,0.4134157582738782,0
9732,1,0.6621871970528628,1
23073,0,0.13532654356330867,0
24083,0,0.4338893170582773,0
11944,0,0.09676708599011777,0
15571,0,0.7855826317503037,1
4786,0,0.0815526205639639,0
28152,0,0.09164269381523445,0
13011,0,0.3236311398880978,0
21243,0,0.3546316701260352,0
28844,0,0.07294856571641181,0
3793,0,0.14700482511734386,0
12634,0,0.10474833579706781,0
8869,0,0.42515281644247765,0
16934,0,0.4419743827731149,0
16399,0,0.21298710451588254,0
15481,1,0.7754505145062031,1
22612,0,0.12891185449399686,0
24948,0,0.24248809128836588,0
13627,0,0.1591463030827079,0
28869,0,0.11554691251871928,0
13484,0,0.095750144557474,0
29601,0,0.08631841791613645,0
10994,0,0.06762418929462384,0
4878,0,0.10280747448123283,0
22512,0,0.15958585162438482,0
10580,0,0.07895442712073118,0
24638,0,0.08602010643846565,0
25734,0,0.09243484275805726,0
14443,0,0.2878835152287779,0
28557,0,0.3026074079846127,0
18630,0,0.1262262653456923,0
7786,1,0.5832342960425538,1
9288,1,0.4465503279627481,0
20279,1,0.14742733565315908,0
17591,0,0.1311777009322176,0
22297,0,0.08776886492625993,0
29519,1,0.08060975664515466,0
25543,0,0.10173515009287257,0
1511,0,0.09659088694417757,0
23132,0,0.11922344472249964,0
4340,0,0.15267858704355328,0
23386,1,0.6473941075143982,1
2120,0,0.16298330598785657,0
25764,1,0.7263480144487917,1
29293,1,0.5861500068696273,1
8762,0,0.3218113306910551,0
7114,0,0.11616973251709797,0
24203,0,0.09020930446503908,0
11176,0,0.09270800149712834,0
18153,0,0.06547401855467448,0
14417,0,0.16467498427123115,0
29869,0,0.07867949708468336,0
4845,0,0.09523616026965107,0
21047,1,0.32445047922217024,0
200,1,0.4613107952739453,0
14170,0,0.4676284184139965,0
3456,0,0.14569722184718004,0
5980,1,0.49489862983224375,0
12093,0,0.09680412438676828,0
5571,0,0.10582336462033569,0
3593,1,0.7411887611159733,1
20641,0,0.15077935626733643,0
1338,0,0.1347662633805552,0
12463,0,0.6100139961206461,1
7828,0,0.08409923058894839,0
6836,0,0.46159533768681027,0
4820,0,0.09898796444032061,0
12691,0,0.17929704508950983,0
21269,0,0.2124925738882861,0
10218,0,0.13553650070442436,0
10782,0,0.0746970411052658,0
18066,0,0.11446072052049418,0
7031,0,0.10449605920790629,0
4071,0,0.08765968164512852,0
1946,1,0.20113969908536455,0
9903,1,0.7848695147502852,1
4247,0,0.22174886589384857,0
15430,0,0.14989086401356574,0
14504,1,0.26647885577118513,0
4451,0,0.1497063334190319,0
13476,0,0.38491323192514054,0
2773,1,0.7735242961014341,1
28039,1,0.09868603235785088,0
28992,0,0.09436743752728768,0
6635,0,0.15817254089409888,0
9905,1,0.12548523122954397,0
12594,1,0.2242457443336494,0
1415,0,0.08105649115359753,0
16184,1,0.14662367498398637,0
28626,0,0.1842661628909176,0
8780,0,0.1506154158802042,0
21642,1,0.6917998428117416,1
22865,0,0.14094256096473398,0
14249,0,0.10594284007767633,0
145,0,0.1222869541464873,0
23333,1,0.1348499962037938,0
29560,0,0.14995675830152722,0
1051,0,0.7277040361363398,1
23234,0,0.7165826798629414,1
20468,0,0.13423226304899827,0
12692,0,0.18179489308161892,0
9195,1,0.9155422411259917,1
1513,0,0.14388479640733612,0
6493,1,0.7961215405570319,1
11467,0,0.11834886708941598,0
10230,0,0.07727522364209977,0
23310,1,0.3764630518841262,0
25419,1,0.08398427521855213,0
22346,0,0.37814924750503387,0
14223,0,0.2132165577702806,0
16639,0,0.1168117334116756,0
3028,0,0.09165432195912816,0
19280,0,0.2018168398160646,0
16585,1,0.11778432733197496,0
14698,1,0.8353332241883156,1
25816,1,0.09477918355672264,0
1819,0,0.06084947150071786,0
22973,1,0.13219652029025314,0
19884,0,0.0796828048268085,0
7851,0,0.6568417897312798,1
20329,0,0.18431847225658513,0
24204,0,0.09581632778626219,0
9398,0,0.133724354250178,0
15784,0,0.15254281584284626,0
18369,1,0.35964376583522273,0
16346,0,0.08544653476059899,0
17288,0,0.04978045710388615,0
29027,0,0.07813373630506808,0
28817,0,0.08894064390859778,0
20883,0,0.07359741852700787,0
18271,0,0.14185923668221528,0
18354,0,0.10577955911747372,0
17688,1,0.8046202443863509,1
7504,1,0.6311500109016653,1
5876,1,0.136854055940059,0
11859,0,0.10445381740857382,0
19663,0,0.05518291405761816,0
2276,0,0.28675475885730145,0
24456,1,0.3733662169982861,0
25254,0,0.09941395349961668,0
27021,1,0.3546316701260352,0
16660,0,0.11739362062589129,0
16894,0,0.18621140544668216,0
6926,1,0.3546316701260352,0
19036,1,0.598740055760698,1
20704,1,0.226179827398647,0
27935,0,0.08012821924263493,0
17472,0,0.09463985392912067,0
26054,0,0.07466152112124333,0
4956,1,0.09874376391887668,0
29344,0,0.10588608628008503,0
8391,1,0.6307966373043441,1
26542,1,0.08843589630390421,0
24149,0,0.12856187105237057,0
24469,0,0.17025047987108016,0
16606,0,0.1348956432774626,0
21764,0,0.09043156069939752,0
29485,0,0.09306960854815982,0
6253,0,0.13950207213129145,0
22503,1,0.4427787497159473,0
4323,0,0.13129501404152966,0
2636,0,0.3361175071364467,0
21631,0,0.21329388026725804,0
23024,1,0.7107158339500752,1
28684,1,0.686294999627687,1
5136,1,0.7768998971750323,1
26232,0,0.07627500725907396,0
27368,0,0.7864055662114233,1
14749,0,0.12409102836118505,0
8630,0,0.07593133456692827,0
28201,1,0.11461104928060328,0
19378,1,0.13421976477633668,0
3790,0,0.3881063739978381,0
25456,0,0.12039891038229862,0
25162,0,0.16073364238097076,0
12597,0,0.08753111184448992,0
25385,1,0.608553873706295,1
26261,1,0.19665309298583472,0
16571,1,0.11327776948166816,0
16584,0,0.11488208759870117,0
7800,0,0.16284419770241687,0
24810,1,0.15022563979575965,0
24397,1,0.3546316701260352,0
20337,1,0.11583059342706431,0
19468,0,0.10542432552092365,0
22069,0,0.10528102272034291,0
26208,0,0.11365828525055298,0
25638,0,0.09980358826641539,0
13156,0,0.13165970418034115,0
19061,1,0.12902574781683232,0
9000,0,0.1820032114027899,0
7287,0,0.0897614144572128,0
9919,1,0.6965502074434992,1
15337,0,0.2017215204085315,0
2137,0,0.20030779409043656,0
8736,0,0.40030830322020455,0
8035,0,0.09004193116331372,0
27082,0,0.08818697334448705,0
29695,0,0.1904140399758042,0
18470,0,0.12828133068894743,0
7889,0,0.06365804867897781,0
25906,0,0.15247935576501406,0
21479,0,0.08137057941035816,0
4166,1,0.2919529951414437,0
11029,1,0.09886371024021194,0
12137,0,0.10045139484080266,0
24372,0,0.09128948540977103,0
9548,0,0.05846859243418942,0
10611,0,0.18136764336130834,0
12386,0,0.12045009481404698,0
9001,0,0.14632703328528288,0
6689,0,0.3921904670070216,0
11652,0,0.37513717443783606,0
7013,0,0.09028562712328546,0
17269,0,0.4562165542743638,0
27175,0,0.16511630090730137,0
262,0,0.1463937328102986,0
13401,1,0.8302882350032664,1
21868,0,0.20086305065909948,0
27567,0,0.5110543020999403,1
15290,1,0.32591580992121644,0
25992,0,0.13810054638832087,0
6759,1,0.17397849378450583,0
15498,1,0.5474990213503276,1
15392,0,0.07857129293336525,0
22671,0,0.16899218936646448,0
18191,0,0.23775982480686955,0
19861,0,0.14141628699634864,0
7034,0,0.12634474209237048,0
17409,0,0.12144990024804299,0
8050,0,0.08112580367081107,0
26085,0,0.09641543994754358,0
22522,0,0.12894254821314186,0
7500,0,0.7506687426253172,1
14816,0,0.09873210154075243,0
28970,0,0.1315921873950065,0
13657,0,0.15802774944545264,0
657,0,0.13869166440538805,0
7902,1,0.7785841841483686,1
15801,0,0.5248094042183304,1
4405,1,0.5579302369925888,1
28784,0,0.14424656819369386,0
5340,0,0.7077486753660104,1
6189,0,0.09330708812608499,0
14995,0,0.1447640031527033,0
7885,0,0.08545935476474188,0
4257,0,0.14950038936023083,0
13100,0,0.09655414117098923,0
6150,0,0.1853085838763545,0
5285,1,0.7848695147502852,1
16218,0,0.1759397024937483,0
8461,0,0.06495190703055212,0
5680,0,0.30884332551679544,0
5006,0,0.08539551009216524,0
1445,1,0.5219263830540373,1
14615,1,0.5966005351713688,1
19443,1,0.18580709321389896,0
10213,0,0.6166227440336436,1
24746,0,0.2774841012649917,0
15583,0,0.11112714589878175,0
24625,1,0.097365196595343,0
29675,0,0.08652976631146993,0
2868,0,0.13117469668196793,0
5976,0,0.08529524821871215,0
13192,0,0.08433534512691299,0
8980,0,0.0671169510647382,0
19402,0,0.26181146603426675,0
20994,1,0.6510483911592828,1
25234,1,0.4573811484452732,0
13611,0,0.08338546337913941,0
25649,0,0.07209000954895928,0
10414,0,0.12261069641638261,0
24017,0,0.12175019957495577,0
3807,0,0.16416070608781952,0
9656,0,0.14332223427832333,0
29515,0,0.0852571742709713,0
27999,0,0.12351588286033807,0
1490,1,0.4419500678917089,0
12731,0,0.13105268296701117,0
15001,1,0.11947219178817603,0
20722,1,0.9626803972195854,1
25239,0,0.1280497031712757,0
14790,0,0.1284016316707615,0
28782,0,0.10333578157678396,0
1367,0,0.2085870791283051,0
23459,0,0.36078628917783034,0
4740,0,0.3546316701260352,0
8467,1,0.08399456940606796,0
26528,0,0.09310147626005215,0
8611,0,0.30884332551679544,0
4885,1,0.4445653306336314,0
11332,0,0.14611918734160004,0
3602,1,0.3546316701260352,0
8761,0,0.13913458492126585,0
14530,0,0.1253000838965298,0
2465,1,0.08950113072116275,0
12864,0,0.21771546998417612,0
5672,0,0.097802882190447,0
3046,0,0.28582107238993065,0
3185,0,0.1055296563368558,0
14312,1,0.26614453499880275,0
4116,0,0.07132449659938347,0
25576,0,0.08616602605301099,0
812,0,0.08808919914283546,0
5221,0,0.12069280653831767,0
9645,0,0.1539638805659049,0
23406,0,0.1674581624094718,0
6050,0,0.4750558003948752,0
14462,0,0.16898145213522242,0
368,0,0.4725454019917048,0
8828,0,0.10059958689936604,0
27024,0,0.1194505333235195,0
27007,0,0.16276319272348172,0
14320,0,0.1076230333045726,0
15853,0,0.3251089218279118,0
14879,0,0.14751901585458616,0
128,1,0.09382250585168979,0
21207,1,0.4846532222876751,0
874,0,0.09597183269180365,0
24481,0,0.1632099258401884,0
12059,0,0.1266005282416312,0
15058,0,0.15411809509202776,0
20760,0,0.2802309453796792,0
17996,0,0.09511334705287122,0
457,0,0.45299994153747286,0
22896,0,0.37689068558968253,0
16517,0,0.056868468369781856,0
19045,0,0.14702830250797339,0
8705,0,0.10400665184652576,0
12814,0,0.2631543736264164,0
3843,0,0.16757437979799897,0
15300,0,0.12220239929502169,0
2406,1,0.8924493423638853,1
27187,0,0.10312136665577885,0
9184,0,0.11273435811716054,0
10528,1,0.12406992265085046,0
13041,0,0.45966271326301117,0
14837,1,0.14620346028193015,0
16982,0,0.14831395165452457,0
3777,1,0.45420637064776725,0
12741,0,0.16119150858270156,0
26059,1,0.3546316701260352,0
5981,0,0.10292480744564637,0
15343,0,0.2598653327151122,0
20442,0,0.09450751249597729,0
21440,1,0.15927114482824542,0
12970,0,0.1522195598037879,0
15275,1,0.08773789810523913,0
23350,0,0.24910649857084735,0
19078,0,0.5152279774967056,1
6827,0,0.2086744570690081,0
15500,0,0.35454865849362016,0
7126,0,0.09359478550219504,0
20313,0,0.16087985739675087,0
29882,0,0.09782376570541801,0
19538,0,0.1100845669527985,0
17914,0,0.09407426135026314,0
23513,0,0.1508035543878391,0
12037,0,0.12387813092265515,0
9607,0,0.0899959042449205,0
8376,0,0.17496966433351244,0
26088,0,0.09190933206431973,0
25441,0,0.17199983901359353,0
24540,0,0.08757621122723958,0
537,0,0.12527310838091277,0
28318,0,0.17251074565975602,0
12182,0,0.07469070079836056,0
27199,1,0.19764426119245326,0
11294,1,0.7733245883849604,1
6897,1,0.7899602191303338,1
13364,0,0.09034978341156831,0
3287,0,0.17841182395626148,0
8083,1,0.4252312235353998,0
26451,0,0.08705776253049918,0
5344,0,0.3134075819480106,0
15758,1,0.6282570752172287,1
17387,1,0.49642923304023595,0
16318,0,0.14228019683386683,0
14338,0,0.23873751974131202,0
6634,0,0.07633241934436213,0
4606,0,0.08097535323663063,0
23049,0,0.6837607966687763,1
27718,0,0.0869552945885988,0
23529,0,0.1360217210485254,0
15514,1,0.09643109959839774,0
28499,0,0.10852717204176661,0
8349,1,0.2305600440688994,0
29349,0,0.15411008679374294,0
4038,0,0.07678938528245954,0
2567,0,0.19920745429857373,0
15663,0,0.08189481497526171,0
19935,0,0.06745586294141051,0
11375,0,0.10357446278365429,0
3001,0,0.13604718783443948,0
7336,0,0.11183117179390223,0
21094,0,0.07554256494911339,0
10334,0,0.098513976594779,0
2974,0,0.7113253941695658,1
7506,1,0.29783340307283734,0
10306,0,0.08128860469677543,0
19010,0,0.09584089586115331,0
16535,0,0.12064072265916799,0
10245,0,0.09742594754932847,0
13659,0,0.09852078672018376,0
24334,0,0.21801698790491272,0
21537,1,0.48161009605079097,0
5450,0,0.08748644050410684,0
28598,1,0.7694674696861958,1
21515,0,0.10175824681255628,0
22230,0,0.17538085041091733,0
4585,0,0.11882901973932507,0
25835,1,0.7770953120560374,1
29340,0,0.3546316701260352,0
7268,0,0.18803172801384688,0
4085,0,0.4862469930823957,0
12111,0,0.07273754346269182,0
16913,0,0.2338421412716552,0
20234,0,0.11486798681176218,0
7440,1,0.19543726240330375,0
15120,1,0.4242797121740671,0
11205,0,0.4453001955583173,0
2642,1,0.5239938741916754,1
21644,0,0.22230634815388847,0
9332,0,0.09453486986268951,0
26600,0,0.06266829005702544,0
14571,0,0.051427652070480966,0
11960,1,0.6274706702995487,1
11437,1,0.5731050448632059,1
29616,1,0.33672257803606237,0
7559,0,0.06791657508357639,0
972,0,0.0890920595292587,0
1454,0,0.2873300653143279,0
881,0,0.12783470427759083,0
3387,0,0.11335777367295564,0
24606,0,0.09041219745012118,0
2464,1,0.5392421524165577,1
6978,0,0.11116204800126057,0
12746,0,0.7454089989580842,1
13469,1,0.7730582453694281,1
9688,0,0.09778677038376,0
18304,1,0.1590532501718654,0
25592,0,0.06401052179091712,0
15919,0,0.09029290581999007,0
27521,1,0.1027723964729295,0
22940,0,0.14622846985697027,0
9562,0,0.09118010662567327,0
29725,0,0.13416915509896402,0
23036,0,0.11332396790168442,0
10128,1,0.14226865142224493,0
11216,0,0.08762993287172421,0
10882,0,0.08010328259963063,0
8138,0,0.08410171255387279,0
26989,0,0.07479446334288128,0
18308,0,0.07361446168505807,0
17912,1,0.138247667909715,0
20593,0,0.15174726951842657,0
28369,0,0.07504713962012743,0
1742,0,0.13563519149992315,0
16424,1,0.16469732549550697,0
11005,0,0.09260964453659713,0
4950,0,0.12298000928237979,0
28780,0,0.3546316701260352,0
3024,1,0.8100698629584443,1
2584,0,0.24503124801101117,0
15100,0,0.11373256780942702,0
20166,0,0.05780466210689847,0
26339,0,0.09284672724355916,0
4851,0,0.09005565687673948,0
29622,0,0.24691754350586995,0
29664,0,0.11979946056171788,0
22706,0,0.24720611453595484,0
21482,0,0.1229763320262581,0
26179,0,0.15802784968265307,0
27446,0,0.08836511106531798,0
1724,0,0.11566559932877489,0
8486,0,0.12243324430449311,0
347,0,0.10384970586294465,0
13029,0,0.22722707416180224,0
8822,1,0.7183733787731587,1
25677,0,0.3287727187952844,0
7535,0,0.37575597421710505,0
23390,0,0.1060612871108958,0
21580,1,0.09478124937591458,0
8887,1,0.39468671852075105,0
24885,0,0.4679684726352385,0
10505,0,0.16065208823839527,0
7302,0,0.18335960846638652,0
20024,0,0.08826104790677933,0
25810,0,0.11529797945796322,0
3051,0,0.07292930511112608,0
29522,0,0.0838033123134482,0
11336,0,0.11341348841108352,0
24040,1,0.5485485611781413,1
7749,0,0.09133714469156849,0
9382,0,0.46143145593356666,0
10934,0,0.13928953910767514,0
6033,0,0.15820137056163877,0
9622,0,0.20414534069927906,0
2725,0,0.1807534461858066,0
18009,1,0.43509276966149213,0
10899,0,0.18396211382095262,0
21376,0,0.10889380443627364,0
10987,0,0.14155409295526641,0
4739,1,0.6441817255495721,1
4833,0,0.15055113491201083,0
8091,1,0.7567214168701375,1
12933,0,0.3546316701260352,0
21860,0,0.09014852696903214,0
9117,0,0.0634867511621626,0
15135,0,0.12801347551983513,0
10393,1,0.1493561482285481,0
29412,0,0.18959021212589913,0
24368,0,0.10228368378415434,0
2172,0,0.1389820644995076,0
25144,1,0.48093925258895,0
24331,1,0.4140003631272516,0
4660,1,0.8006177952646061,1
17118,0,0.12372342129678861,0
13790,0,0.3056854928733109,0
29967,1,0.6532753839387228,1
1995,0,0.25710148235377983,0
16116,1,0.3546316701260352,0
19279,0,0.36729017319779067,0
3499,0,0.14213056185590475,0
486,0,0.09769774059302701,0
12793,0,0.18296123481664114,0
5027,0,0.1015938795961217,0
13370,1,0.748300911673865,1
28607,0,0.16052910218768943,0
5253,0,0.07364490292464634,0
14958,0,0.2449152811291215,0
3567,0,0.09916398999718157,0
8674,0,0.15532111046508484,0
21624,0,0.24343012185995933,0
9162,0,0.09203589770656398,0
15939,0,0.09371596766126981,0
19084,1,0.7408392333263497,1
17645,1,0.12186519830435247,0
15077,1,0.4721689234383168,0
29866,1,0.38256200948777097,0
25265,0,0.0881864048138548,0
28079,1,0.17475541225766603,0
24553,0,0.5639537038522481,1
26027,0,0.1161819181765693,0
6030,1,0.13578349346695626,0
9993,1,0.7408134500762837,1
25324,0,0.11959387136736689,0
15295,0,0.10295896408696098,0
28837,0,0.11807796629896662,0
24126,0,0.1057784563787332,0
17586,1,0.806095798175762,1
21944,0,0.08109006724621302,0
5577,1,0.1681971141731676,0
7722,1,0.3546316701260352,0
22889,0,0.054470629764418986,0
2650,0,0.08874768343928435,0
22742,0,0.08672920141434698,0
8958,0,0.10666592527580576,0
15316,0,0.2291318058093423,0
2580,1,0.5506566601405922,1
8973,1,0.12078352417741046,0
15011,0,0.1956975243072682,0
18387,0,0.25904399314602783,0
13131,0,0.09796362810976954,0
11498,1,0.28929951994425457,0
5800,0,0.7340816289345311,1
27910,1,0.3546316701260352,0
10508,1,0.3546316701260352,0
2806,0,0.24932339409374538,0
26854,1,0.3787177723947771,0
20493,1,0.14174846994334192,0
292,1,0.3546316701260352,0
9335,1,0.1257027735133164,0
12560,0,0.09627189040839587,0
21522,0,0.12109577707044565,0
15787,0,0.10721003144544382,0
28485,0,0.16436444854346063,0
17310,1,0.6322242340443103,1
10621,0,0.0849705730745541,0
16240,0,0.07728940490425222,0
13272,0,0.05913846038313956,0
7677,0,0.103364617310322,0
15489,1,0.1937943215495171,0
4514,0,0.08649917664852813,0
26665,0,0.11163262114460373,0
2950,0,0.10771307823926209,0
1766,1,0.14283608966549044,0
5659,1,0.5829893566843313,1
6479,1,0.24500152140016243,0
6068,0,0.15457766810670548,0
16179,0,0.30884332551679544,0
18364,0,0.09367630036689914,0
3886,0,0.05023510032544956,0
4700,0,0.1074838847593077,0
22334,0,0.14514453089834775,0
23686,0,0.12113311350279149,0
20625,0,0.15625830610286992,0
13885,1,0.3546316701260352,0
27519,0,0.18729597945687942,0
13863,0,0.14998066017522166,0
27157,1,0.5493393003330799,1
28076,0,0.1532980254151259,0
24834,0,0.09581887815753432,0
14854,0,0.10368193618064722,0
18937,0,0.5598155859697621,1
7899,1,0.6288953942915496,1
11071,0,0.08604376610686972,0
29864,0,0.08939004695234992,0
25821,0,0.0900434656850083,0
5140,0,0.08040157270958316,0
4891,0,0.1541132670288902,0
4187,0,0.13203266145136744,0
22267,1,0.19337476858819438,0
14089,0,0.15638463262317204,0
13638,0,0.1503524464286123,0
6905,0,0.10871068111949649,0
14810,1,0.6349328976102886,1
4789,0,0.6118363172213945,1
742,0,0.16927531917100663,0
2798,0,0.093553379834025,0
6658,0,0.6427006972536091,1
29963,0,0.23762144301949278,0
2550,0,0.6052881635332464,1
28469,0,0.057863782648879473,0
19065,0,0.4187686376159164,0
16416,0,0.5609397974553249,1
25813,0,0.16554195545687095,0
5226,0,0.1864852180887572,0
21096,0,0.17536910331689498,0
22860,0,0.1580505137983184,0
24650,0,0.14540834612653397,0
28390,0,0.09447584248658716,0
2497,0,0.09489263855695683,0
22287,1,0.2670927932084363,0
11249,1,0.1512186882700564,0
13134,1,0.10797676890548238,0
19101,1,0.5628041268977904,1
8923,0,0.08846836437755773,0
26134,1,0.31645214790219656,0
26980,0,0.07256085504526041,0
29119,1,0.6099119286326374,1
3107,0,0.06311313528884971,0
10651,0,0.06171860453116531,0
6429,1,0.6138673117494939,1
1828,0,0.12110233431050264,0
16791,0,0.09314532208253283,0
641,0,0.09367361041207521,0
19575,0,0.09032272751409395,0
11814,1,0.48525433650889127,0
29568,0,0.10750049122116527,0
25554,0,0.09861984273698653,0
24340,0,0.130037588368939,0
13279,0,0.05722251781997364,0
29774,0,0.13550384656541112,0
14109,0,0.37649184981342726,0
22017,0,0.15406949870545242,0
954,0,0.11103747899026653,0
25329,0,0.28582107238993065,0
4635,0,0.1978908903428688,0
2030,1,0.5827386987734557,1
9792,1,0.3546316701260352,0
22115,0,0.5928240726659477,1
20352,0,0.10256361201383601,0
3050,0,0.24433098261315184,0
17428,0,0.08947581782556471,0
27000,0,0.07915059681512819,0
9052,1,0.09969462830096422,0
17658,0,0.12328498712799424,0
5069,1,0.20584275992889,0
20137,0,0.08086690776655797,0
2311,0,0.3576302715127829,0
13633,0,0.08811215813696795,0
28319,0,0.08222047477041368,0
16920,0,0.8203563208130379,1
12426,0,0.11979858861106346,0
19317,0,0.26739619529483,0
5287,1,0.15622320617999938,0
29949,0,0.12028963209398594,0
26904,0,0.13056509519204548,0
28153,0,0.2496323020615648,0
15812,0,0.12390303115939609,0
1203,0,0.12444044523868643,0
28416,0,0.08929783536845394,0
481,0,0.1788131540886829,0
12822,0,0.060380424787368964,0
14286,0,0.06236836491451068,0
26803,0,0.3572743656410847,0
22586,0,0.14887209135842028,0
9682,0,0.05517573413846031,0
14757,0,0.10235472035426976,0
8651,0,0.15057328674773165,0
1323,0,0.07677716134894116,0
13309,0,0.12490044990272557,0
16542,1,0.7180478826559481,1
29269,1,0.7034068312327854,1
15987,0,0.158030410309673,0
10072,0,0.057605250157401804,0
22422,0,0.5101585975025403,1
8014,0,0.16074051162763806,0
17937,0,0.12316558899360311,0
5679,0,0.10007069656363349,0
19126,0,0.21635411909341926,0
9129,0,0.1327380141873443,0
7496,0,0.15759911267685955,0
13639,0,0.09743605943736969,0
28205,1,0.16900251179338097,0
22976,0,0.1745487704321565,0
28867,0,0.08589389808734035,0
20802,0,0.10374050219458537,0
13064,1,0.09818559765545004,0
928,0,0.12924958906510076,0
8059,0,0.0984653919068255,0
7937,0,0.1831702891611368,0
11933,0,0.21546743920670905,0
16636,0,0.06427995675040529,0
23744,0,0.10985495551899863,0
22172,0,0.09179868776129677,0
24247,0,0.1276064490210543,0
16136,1,0.09372033011562904,0
26555,0,0.46025916132986794,0
8048,0,0.08810341520569467,0
13846,0,0.15525087680397626,0
20870,0,0.12131576157928697,0
22785,0,0.12827205440418207,0
15576,1,0.12587415869307464,0
26597,0,0.14397127490473993,0
26428,0,0.08635446069945685,0
15059,1,0.08862319007142333,0
15809,0,0.454271314704501,0
12805,0,0.0662897823716007,0
24415,0,0.10117867034367009,0
11626,1,0.8578022370301145,1
2222,0,0.3877409778503811,0
15538,0,0.2171337191010804,0
18305,0,0.12044537638343482,0
28334,0,0.13062912102095198,0
18267,1,0.1707980808832393,0
29555,1,0.13910344646986464,0
8228,1,0.08627877570151979,0
12302,0,0.4230220993285313,0
14648,0,0.12301525784489895,0
29149,0,0.16325029891123438,0
12084,1,0.5822675589303982,1
7683,0,0.07923853148991107,0
513,0,0.07713915386579802,0
28429,0,0.08910446830297446,0
21341,0,0.2985965206267335,0
15558,0,0.08529116581775226,0
28391,0,0.09463030902710297,0
18777,0,0.07688697099956354,0
12705,0,0.06136778204501264,0
25168,0,0.3760156843392463,0
26836,0,0.11791818170298281,0
28631,0,0.08739002878036944,0
28243,1,0.6835877621592384,1
1457,0,0.14063355053644444,0
20036,0,0.08164859866450568,0
8215,0,0.30884332551679544,0
28822,0,0.14185965198535783,0
8395,0,0.14221206487660815,0
24335,1,0.1105838802354055,0
12424,0,0.42077873644773944,0
20285,0,0.5473501150238751,1
18335,0,0.11993490716076058,0
25701,0,0.08938302939031555,0
20606,1,0.6466708743842817,1
23119,1,0.2675195334296148,0
29029,1,0.6899401936060074,1
4059,0,0.2250566608901006,0
6288,0,0.10556172057665517,0
4255,0,0.08980322557813313,0
3781,0,0.06857779770757438,0
9799,1,0.34876828597626675,0
27514,0,0.13742804872037873,0
20967,0,0.0945668846892824,0
6881,0,0.10633354802317252,0
27994,0,0.33210923858787234,0
15673,1,0.4949559795152524,0
10013,0,0.07462387588856915,0
16340,1,0.785563086579916,1
28197,0,0.08590939023108037,0
29900,1,0.10227254199927019,0
2956,0,0.08812105333635496,0
14308,0,0.09831566442726995,0
12134,0,0.09312100923958004,0
29833,0,0.11892039843434268,0
26702,0,0.2793759404699541,0
5565,1,0.09281321393262397,0
6127,1,0.24962820315590964,0
29989,0,0.11404611404659429,0
231,0,0.12209156000285805,0
25198,0,0.1438538190397399,0
6259,0,0.08276588361392079,0
13127,0,0.12295131386865106,0
15362,0,0.22843723379919292,0
3779,0,0.10733487540058644,0
9689,0,0.08259445593040898,0
15110,0,0.3575328885026683,0
2763,0,0.096524493736597,0
10780,0,0.14483677163024183,0
25515,1,0.264134038124996,0
24120,0,0.07462433833640242,0
10186,1,0.07932030707353287,0
23318,0,0.3546316701260352,0
20543,1,0.14481856374186242,0
9533,1,0.1432398049752437,0
1554,0,0.20068450641920368,0
27318,0,0.09943235056126276,0
13174,0,0.5667891934981898,1
8940,0,0.10576184203236277,0
23791,0,0.17291362182990055,0
20654,0,0.11746224511607113,0
19797,0,0.23666776321260702,0
12866,0,0.15434206792080984,0
20772,0,0.1610429590373256,0
7389,0,0.13764598368492978,0
23051,0,0.06668274547440535,0
23767,0,0.24450622519559911,0
24799,0,0.4319198703981719,0
22186,0,0.05559144620235472,0
16275,0,0.2672195425158611,0
10655,0,0.1747002324337996,0
8058,0,0.14306563838064673,0
3917,1,0.6907968640767486,1
3495,0,0.673148139766168,1
17032,1,0.8314858691493199,1
1902,0,0.36558350983154425,0
23980,1,0.7330920985088606,1
24491,0,0.1603525138311531,0
25729,0,0.1032649081269169,0
20572,0,0.3546316701260352,0
27086,0,0.2266107073755368,0
1337,1,0.7742382635850592,1
15136,0,0.11988183102440524,0
29658,1,0.13755692335824887,0
25412,0,0.10054295365004305,0
19773,0,0.26094973703894725,0
23458,0,0.08434426721158353,0
1471,0,0.10957619535864291,0
20862,0,0.22313651881960697,0
24464,0,0.1097411876366595,0
5465,0,0.23710731994770534,0
2904,1,0.4277986979152451,0
18512,1,0.09480365633045011,0
19315,0,0.14925268414929,0
3595,1,0.13862159060968757,0
1643,1,0.14959070457805607,0
26592,0,0.09143951588663742,0
4901,1,0.19015753648345135,0
23675,1,0.47406777632092256,0
27191,0,0.6210324822221039,1
5854,1,0.14756881723844073,0
16404,0,0.15431656421991133,0
4547,1,0.6797339797817018,1
18910,0,0.22465680925298803,0
29416,0,0.1907502812659741,0
12969,0,0.10637774074063876,0
4221,0,0.12614764953446983,0
5036,0,0.32252141752983043,0
6174,0,0.3546316701260352,0
12740,0,0.15133942446084528,0
16835,1,0.7496349180133238,1
6461,0,0.10038937074885902,0
2134,0,0.08863261217821095,0
5955,0,0.08265091440000039,0
11964,1,0.16120250617221957,0
8148,1,0.16478398319778456,0
27726,0,0.30884332551679544,0
21334,0,0.07713868109983614,0
8201,0,0.19004124399741504,0
12369,0,0.07270406877138982,0
1216,0,0.09495983157280802,0
15023,0,0.12018493174329628,0
8872,0,0.3546316701260352,0
22560,0,0.10466455131876433,0
8031,0,0.15048280736623473,0
10557,0,0.15093047701823673,0
9568,0,0.22701767026540387,0
15181,1,0.5683620574163976,1
25733,0,0.3546316701260352,0
28866,0,0.13791886708509982,0
25687,0,0.25478264867070965,0
1716,0,0.1253773686181763,0
2486,0,0.16862590283404008,0
20732,0,0.1264621109150198,0
16686,0,0.25147687818402414,0
4521,0,0.22517351805837432,0
14813,1,0.17111457865071078,0
23355,0,0.09577491084750564,0
11263,0,0.21549132962454837,0
22221,0,0.0919208905651613,0
13034,0,0.14785913751885565,0
27428,1,0.49385095516432587,0
23745,0,0.08848266464145002,0
10095,0,0.16368673247412793,0
20131,0,0.7361678465996451,1
8197,0,0.2048786406703559,0
20848,0,0.14567931168237744,0
13856,0,0.09387586792020226,0
28266,1,0.2061651182520101,0
12575,0,0.07104841774683644,0
8241,0,0.3241656237988135,0
4171,0,0.07601709568218844,0
11092,0,0.09246060740283496,0
2852,1,0.7360707530221464,1
1890,1,0.15034011824030896,0
20085,0,0.11699787279336084,0
14262,1,0.16549841923649017,0
14007,0,0.19841288454513362,0
21017,1,0.7258087069375091,1
22861,1,0.40779277315951346,0
18099,0,0.31465306488082373,0
6152,0,0.10912071857227025,0
3442,0,0.3954583275622612,0
17078,0,0.3652318375832986,0
22113,0,0.1388201484009352,0
21744,0,0.1409315522152771,0
24004,0,0.6916837772551632,1
16937,0,0.16243034796807823,0
2919,1,0.08709030619831853,0
4345,0,0.08877710853499682,0
18127,0,0.07813487997415954,0
18994,0,0.10470335400165316,0
937,0,0.08565246238393971,0
18655,1,0.265311402885328,0
29981,0,0.08639346606723425,0
17049,1,0.6588842788335431,1
10778,0,0.18984127486926536,0
753,1,0.15084367634694387,0
3493,0,0.09725943859137219,0
14412,0,0.09267513624319547,0
13203,0,0.16855396017042237,0
28157,0,0.0890908628634721,0
16972,0,0.158502159875053,0
13798,0,0.4313712970811217,0
26548,0,0.21557100847347685,0
13521,0,0.07185599118988889,0
14767,1,0.11139472766180324,0
23870,0,0.34761535700605783,0
24787,0,0.1259578980762875,0
21513,0,0.09790694722738397,0
23615,0,0.19826666551734648,0
10444,0,0.058469828656477804,0
8181,1,0.08826804242816269,0
1148,0,0.35565196775265207,0
20861,0,0.16853573544216743,0
13292,1,0.8370790562511291,1
6770,0,0.10162741693588652,0
13499,1,0.7590274364437523,1
4752,0,0.08431410797397737,0
27944,0,0.2512106865352069,0
23992,0,0.13346594201533335,0
6837,0,0.09670434020078732,0
17841,1,0.0823841543683595,0
19173,0,0.09245983483424487,0
25884,0,0.09847316428325226,0
28714,0,0.16755265056150312,0
11817,0,0.08405667277339901,0
20219,0,0.13275244921333484,0
24201,0,0.08147622462660398,0
26320,0,0.08117744091980811,0
8226,0,0.5629458107049456,1
26922,1,0.10213121878128416,0
17905,1,0.3760977740016781,0
24723,0,0.35825724275731174,0
11678,0,0.12003594263443544,0
19385,0,0.08180441276797656,0
26068,0,0.1333891349137635,0
17285,1,0.30884332551679544,0
17554,0,0.10834872615678318,0
18124,0,0.18527571584391636,0
28686,1,0.08762985509296373,0
5395,0,0.1412731403206684,0
8863,0,0.13430564466270656,0
14960,0,0.1660367011360954,0
14580,0,0.14665658813273313,0
7686,0,0.18992615019155562,0
1046,0,0.11520680610023729,0
3309,0,0.15576675373330143,0
23110,0,0.493869556299545,0
13688,0,0.12823469925499298,0
22109,0,0.06341385646644426,0
27185,1,0.21495614805533006,0
21922,0,0.07269282828762455,0
5611,1,0.7246461087841878,1
4844,0,0.6763804281605528,1
21451,0,0.13380696394076708,0
3663,0,0.14103887401565993,0
16357,0,0.10432378689656419,0
11033,0,0.059802910579283684,0
1531,0,0.08469694028467023,0
16241,0,0.12786474084236898,0
3639,0,0.09366176483403903,0
6001,0,0.1466377760114644,0
24795,1,0.12014754729769798,0
13678,0,0.11051007816006089,0
25756,0,0.0837373188414364,0
4597,1,0.2681081089568311,0
25969,0,0.08290713337702081,0
3285,0,0.1439740379056349,0
17434,0,0.3546316701260352,0
22837,1,0.12909388401423488,0
8207,0,0.14048539149659459,0
28147,0,0.09444806102384444,0
10813,0,0.10184694833619755,0
22764,0,0.09409848209834715,0
6527,0,0.33410413861552324,0
9565,0,0.10223057162557517,0
28575,0,0.1465399282834537,0
11195,0,0.30884332551679544,0
5156,0,0.31177911188522955,0
29271,1,0.14486830225397374,0
8649,0,0.08839272068312269,0
8959,1,0.07218052808213266,0
9939,0,0.08830064438764305,0
22242,0,0.2539567107494744,0
6205,1,0.16657538467822736,0
27715,0,0.0747097452124362,0
11901,0,0.3546316701260352,0
6528,0,0.5203554969172632,1
13903,1,0.13725618041523083,0
8195,0,0.1268608983317362,0
13378,0,0.3210904736622965,0
26634,1,0.3546316701260352,0
17009,0,0.8167468235170583,1
8325,0,0.05902820024041047,0
13488,0,0.15394324590447403,0
3726,0,0.46464579203129047,0
21248,0,0.27318418582595927,0
11846,0,0.1950401168506309,0
14041,0,0.16351473572628814,0
5816,1,0.11115940002270372,0
2727,0,0.11159810548163036,0
15166,0,0.10479239979814055,0
20162,0,0.08991725509010155,0
10954,0,0.09469063790279378,0
11265,0,0.35193036480112516,0
29906,1,0.4126068785648542,0
1948,0,0.08035640294530083,0
25418,0,0.05586070000988694,0
533,1,0.4579540030693303,0
23672,0,0.09877719124720077,0
18338,0,0.14018623842371844,0
26010,0,0.09080260533436034,0
18055,0,0.09463511401623782,0
22831,1,0.8028842365308638,1
1613,0,0.07292617785477579,0
17017,0,0.08532400504530056,0
4646,0,0.06208932624968079,0
23405,0,0.10503249941100207,0
22329,0,0.12449102652641278,0
12676,0,0.15681468950959615,0
4772,0,0.0989456011230308,0
1960,0,0.09385036029310521,0
24318,0,0.5035515805738723,1
5333,0,0.1484357811150783,0
13562,1,0.6787180454674845,1
18906,0,0.2604075402866657,0
18171,0,0.30884332551679544,0
6335,1,0.8073748347808833,1
10014,0,0.23114283453542575,0
6004,0,0.109542700609127,0
28116,1,0.6699001992333428,1
16907,0,0.08940985238421657,0
17867,1,0.24176181658583007,0
24475,0,0.12809640746582082,0
19842,0,0.07558165060682452,0
21766,0,0.16609429534908718,0
6483,0,0.09540811800410662,0
7595,0,0.1526194340209054,0
27996,0,0.12458302521814735,0
1114,0,0.11093696346286172,0
36,0,0.19448334059405134,0
1731,1,0.09311663697129942,0
26608,0,0.087660637717615,0
25154,1,0.540701706070887,1
7546,0,0.1739086913040074,0
22161,0,0.10113446265672282,0
1472,1,0.23883179914143893,0
20770,0,0.11457476198380276,0
19637,0,0.3212318190724083,0
27364,0,0.13427598491726023,0
13345,1,0.26954915992771633,0
3449,0,0.09780664616297069,0
7580,1,0.5367468579854547,1
22592,0,0.0875490346453201,0
29021,0,0.1257850293229912,0
1423,0,0.0879931307818694,0
13890,0,0.13741261549319606,0
17991,0,0.09806923235825957,0
17814,0,0.1260263767701651,0
2056,1,0.30296643286902086,0
14128,1,0.12625306384712923,0
16294,0,0.13141442001978268,0
24829,0,0.1097860177084828,0
23664,1,0.08514803747793148,0
6745,1,0.27743004955444306,0
10970,0,0.08068801418681576,0
18190,0,0.12078416503880733,0
7977,0,0.17072744516200347,0
27110,0,0.11925564375098312,0
14835,0,0.05743054082427469,0
14951,1,0.950787762913436,1
1636,0,0.09634561936684134,0
10691,0,0.25142708211578974,0
26465,0,0.14724854075232124,0
24327,0,0.14711020619324355,0
12234,0,0.11112172367329583,0
12650,0,0.16617501599532714,0
27205,0,0.17481811916760495,0
25493,0,0.09624444674968326,0
17453,1,0.42377497891553545,0
27635,0,0.14844455177070404,0
24219,1,0.5451714120177237,1
22655,0,0.0554289768692189,0
27182,0,0.12332239444321774,0
383,0,0.06840120085865137,0
3170,0,0.15211531150968832,0
4169,1,0.08910446830297446,0
20006,1,0.18914047786378532,0
23710,0,0.12926009506075617,0
27864,0,0.36184471182919714,0
13819,0,0.10473822842694219,0
16008,0,0.7422419052402728,1
19848,0,0.3767966092847949,0
12458,0,0.10512973543659995,0
28785,0,0.17233249297577452,0
20905,0,0.07704843849338941,0
8779,0,0.10322451028048371,0
18131,0,0.16791358206837687,0
28510,0,0.0875258666420002,0
7304,0,0.09970435422938113,0
19275,0,0.3348390789772236,0
28518,0,0.13945255052340413,0
26543,0,0.08112766664816241,0
2010,0,0.3546316701260352,0
28852,1,0.9612348008693481,1
18633,0,0.12863004752989696,0
11772,0,0.3589263247362441,0
19932,1,0.12809750661333397,0
15774,0,0.05661980014354762,0
26298,1,0.654303203679439,1
13742,1,0.10490974465328899,0
12838,0,0.08638091923383491,0
20478,0,0.08216087074426164,0
10631,0,0.37435710579971176,0
21144,1,0.12372384618140689,0
9566,0,0.06266334568258734,0
1347,0,0.09649341484917646,0
18336,1,0.7223392607317293,1
28115,0,0.09853079106248876,0
8399,0,0.3546316701260352,0
719,0,0.3546316701260352,0
1772,0,0.11682144422217357,0
24815,0,0.12183526178019527,0
22519,0,0.05291208086539667,0
2405,0,0.06631906288563096,0
24310,0,0.06440446281201816,0
27934,0,0.09582854872641829,0
25639,0,0.08537885102644499,0
10601,1,0.3642800440391113,0
11506,0,0.13301310410771672,0
3875,0,0.055133976267870706,0
19862,1,0.4949325554125724,0
2596,0,0.16417531748299136,0
2005,0,0.08199422879360817,0
3636,0,0.07539189260505885,0
15988,1,0.8057658254636196,1
25572,0,0.0799376712369073,0
7526,0,0.3282602815969151,0
22088,0,0.14745073437194978,0
7446,0,0.14754136879695068,0
2409,0,0.12263235548611887,0
15559,1,0.7523389995804834,1
2143,1,0.6730949118470398,1
22363,0,0.15614374130017528,0
25297,0,0.10671568598191489,0
22993,0,0.16413326314457324,0
29841,1,0.6925847853709332,1
8179,1,0.8238671583154448,1
14024,0,0.10244115540669561,0
25470,0,0.07987666779860308,0
24513,0,0.08213240264610296,0
11225,1,0.12211049081901032,0
9215,1,0.5096496674202897,1
21237,0,0.3546316701260352,0
21456,0,0.40324610730731436,0
28794,0,0.1032899637116386,0
8477,0,0.11763633881691803,0
4990,0,0.18903591912336307,0
10883,0,0.06672932596963413,0
5462,0,0.09841320525649719,0
6393,1,0.10263028059177985,0
12877,1,0.4926786461671856,0
17245,1,0.7060168683098689,1
2948,1,0.5365861923824127,1
13985,0,0.0894383867803246,0
13260,1,0.09340081357828174,0
16176,0,0.16883548747352503,0
6704,0,0.11735813818788492,0
18789,0,0.08222413030914381,0
7579,0,0.10925492847337508,0
9397,0,0.46733705315841256,0
10320,0,0.0981235573650373,0
23512,0,0.06514225844010461,0
28690,0,0.1560399392661018,0
16234,0,0.08406242643342,0
23924,0,0.2957887937311656,0
12283,0,0.13225367646601077,0
10183,0,0.19694746567905536,0
27212,1,0.6205823264262702,1
11528,0,0.7546849811259464,1
4502,1,0.1438320708501875,0
19081,0,0.11052436570005955,0
23425,0,0.05574537147648009,0
17231,1,0.7755384693292856,1
24565,0,0.12179658640637026,0
2753,1,0.17509020853884202,0
24767,0,0.0513247142093423,0
24667,0,0.3353819476417156,0
7279,0,0.06308104705010568,0
17804,0,0.09388189596359588,0
4161,0,0.6538366744871789,1
1667,0,0.8001431563902279,1
6254,0,0.1542483477168336,0
3471,1,0.3210137934817628,0
8427,0,0.14998802683136309,0
21939,1,0.19334451806932076,0
11322,0,0.154720624690062,0
22311,0,0.8269528408752643,1
4814,0,0.09086337679623804,0
3271,1,0.5679923571336417,1
26398,0,0.09694520078980841,0
18549,0,0.1731319937042106,0
18613,0,0.08510258478132421,0
994,1,0.1472164862980199,0
4342,0,0.12339815325169416,0
27256,0,0.1097497679388711,0
5043,0,0.14987485879174875,0
12651,0,0.08923957395762053,0
20522,0,0.7067104706645486,1
11616,1,0.23340223271720018,0
26210,0,0.15089662101075446,0
12759,0,0.125941801353034,0
6700,0,0.24451350871513852,0
14965,0,0.14780401911653457,0
16852,0,0.14255751002754635,0
28578,0,0.10728088989468862,0
20240,0,0.11684494645972465,0
13986,0,0.29766941519295753,0
24798,0,0.5415066293732899,1
17830,0,0.1296562180237086,0
18591,0,0.0944318107526812,0
803,0,0.12544278963108635,0
14718,0,0.7306165576952176,1
28194,0,0.2064887349453921,0
13815,0,0.1495397226287169,0
7673,1,0.376245835153711,0
18834,0,0.126722637447715,0
10088,0,0.1300778977998074,0
19549,1,0.6673434808255518,1
5184,0,0.10975515837663868,0
12203,0,0.2111015659834277,0
10276,0,0.09359094762987796,0
20256,0,0.6759078249240962,1
18529,0,0.0899690154650974,0
14352,1,0.5016765589646383,1
14060,0,0.08442181572584329,0
4795,0,0.09854352219562772,0
8471,1,0.8282859125028971,1
7732,0,0.12615167288612528,0
6506,1,0.2520456997011895,0
24909,0,0.10743748716526948,0
8517,0,0.144749292884144,0
737,0,0.08684707931052431,0
6621,0,0.12676357639247215,0
19048,0,0.07723283286370894,0
17432,1,0.8558196930604227,1
4743,1,0.3546316701260352,0
284,0,0.08367065887685214,0
19760,0,0.06467894836780264,0
21227,0,0.10285654142455387,0
25176,0,0.4280007200843975,0
13843,1,0.5210847907225691,1
2251,0,0.14204926451722755,0
2260,0,0.1410101714686563,0
3452,0,0.20019591793555122,0
5349,1,0.5348163659643455,1
21087,0,0.12022395808392551,0
6025,0,0.33090109979683047,0
9774,0,0.08230180087033982,0
8239,1,0.642764584390367,1
28419,0,0.5529856561092941,1
15326,0,0.07501250265225233,0
11548,0,0.10199217125683235,0
23099,0,0.07763015347697388,0
9962,0,0.09988281362090644,0
10945,1,0.7263480144487917,1
25978,1,0.2007077659203023,0
5019,0,0.1358180073590097,0
7537,1,0.1462560785359592,0
4818,0,0.08881400917689135,0
7354,0,0.13709348026171525,0
7203,0,0.17851996479762483,0
10382,0,0.1119870542372409,0
3703,0,0.12741309453843608,0
26755,0,0.17688598426082866,0
18372,0,0.09816760329337164,0
8484,0,0.3934052117580086,0
9290,1,0.5301152800107091,1
15417,0,0.08673762499545651,0
17162,0,0.07941331533710111,0
8903,0,0.13203991878808274,0
3947,0,0.1963443621681127,0
9503,0,0.09514105955807896,0
25954,0,0.06045803883540655,0
19264,0,0.2696600675419234,0
15976,1,0.42128753041089206,0
1806,0,0.04915227577537005,0
7113,1,0.27410678851426235,0
17903,0,0.20502378710737143,0
24621,0,0.1606446503826996,0
23137,0,0.10252964673506428,0
5158,1,0.09165496138422487,0
27292,0,0.2954607821306629,0
2317,0,0.19944003065096216,0
11891,0,0.24645913950317447,0
15916,0,0.29335365507697303,0
18183,0,0.06943106740396901,0
16273,0,0.22134651659615862,0
6238,1,0.12312538578427437,0
29505,0,0.5234677744042453,1
15000,0,0.10060277692941406,0
29284,0,0.08006743967389734,0
22954,0,0.3702535656833173,0
2085,0,0.07669905953153033,0
4149,0,0.09287885107467257,0
3330,0,0.2644910284927527,0
9059,0,0.15668147833925278,0
19225,0,0.12213911362011151,0
27882,0,0.08274495439970392,0
23534,0,0.08126173400438225,0
20792,0,0.10039326334960348,0
2875,0,0.15757754835764695,0
11842,0,0.22449717227562213,0
23518,0,0.08841170405972962,0
24147,0,0.13124138529483956,0
14577,0,0.4655877420851135,0
25127,0,0.13194341464248566,0
26681,1,0.7441248798953112,1
7768,0,0.22116349735019572,0
20950,0,0.23340223271720018,0
4708,1,0.6397855889192564,1
9518,1,0.4815222884724237,0
15786,0,0.1289678148947233,0
26711,1,0.666924107465624,1
24561,0,0.3546316701260352,0
14059,0,0.12358062141712915,0
24024,0,0.06772042794433944,0
27271,0,0.08648772417233604,0
19607,0,0.09188085845988234,0
24990,0,0.08190064344920836,0
17299,0,0.10768405136889105,0
22687,1,0.1540760476240875,0
26821,0,0.0962185940360444,0
10430,0,0.08427881778530436,0
15193,0,0.11053793314811575,0
18498,0,0.0956373883141786,0
29427,0,0.10308670179184241,0
23851,0,0.3123972443211868,0
281,0,0.16897265835437328,0
25408,0,0.12576313400882147,0
20622,0,0.08183574538740389,0
19940,0,0.15389049515637848,0
6636,1,0.671792667594646,1
6423,0,0.12089222807863592,0
11068,0,0.2172093307018031,0
27572,0,0.09741969355204314,0
16708,0,0.10453739697021433,0
24869,0,0.10250461142967318,0
19636,0,0.22882068897079763,0
9241,0,0.16801532136249192,0
4953,1,0.1789400193877041,0
12531,0,0.0818971829611394,0
6351,0,0.1730788148380718,0
4157,0,0.08597425455618518,0
3770,0,0.13817107909850035,0
28772,0,0.07097771903143933,0
23215,0,0.09931985172249964,0
28107,0,0.061280431408066,0
24896,0,0.1269827641756769,0
20287,0,0.06833441946054028,0
14321,0,0.23871005760652333,0
27937,0,0.13346010422099566,0
15046,0,0.18335960846638652,0
1180,0,0.1430491327717555,0
6188,0,0.13152914519570877,0
20185,0,0.10303053122468102,0
4975,0,0.6836433090968189,1
10445,0,0.14069085586460003,0
28122,0,0.11961541418085296,0
22240,0,0.09084130049868121,0
20997,0,0.7173836635471348,1
23844,0,0.09532307079299679,0
14153,0,0.08831434997624363,0
13746,0,0.3546316701260352,0
11777,0,0.7513267813775378,1
7030,0,0.22901496867017773,0
21811,1,0.5795258978968522,1
8874,0,0.08046862503501584,0
7229,1,0.09666890925146228,0
15714,0,0.06859822166332026,0
20724,0,0.10547353733600948,0
19988,0,0.127090511666776,0
5698,1,0.22082536507329678,0
28801,1,0.529856492057048,1
4035,0,0.1757837690181627,0
16098,1,0.5107891255977867,1
19417,1,0.30884332551679544,0
19474,0,0.0702258518196019,0
1122,1,0.4918444230660052,0
10227,0,0.09026092630665312,0
26034,0,0.10406757635607713,0
22710,0,0.16975350656935537,0
28224,0,0.07256762681384679,0
960,1,0.14209058119319878,0
2363,0,0.5784326002392707,1
7222,0,0.08580688846992297,0
4286,1,0.4192719223182177,0
22546,0,0.11118403621577397,0
17868,0,0.09702676441043312,0
4916,0,0.16151821169939212,0
11492,0,0.08538243247786584,0
24942,0,0.20424251978111027,0
17190,1,0.6981824353620228,1
6216,0,0.3880033153810685,0
5426,1,0.2028326728262872,0
16360,0,0.3288976725851932,0
21115,0,0.11975107196929612,0
7883,1,0.07501952444808073,0
10736,0,0.12470567342924109,0
20443,0,0.0758138287883498,0
5554,0,0.23890141881097904,0
10360,0,0.29302448631419187,0
20373,0,0.4623658137459888,0
9189,0,0.18569479607909148,0
17403,1,0.4591032522271329,0
9545,0,0.19553003446756367,0
6530,0,0.14895330414401534,0
10106,0,0.5550393931891687,1
24216,0,0.09842845221926547,0
5778,0,0.08096167496271542,0
21220,0,0.12098570651098704,0
26843,0,0.10976190199252622,0
21612,0,0.3725353468942024,0
18933,0,0.12257518560996694,0
22630,0,0.08480797918962361,0
1164,0,0.08982930387768077,0
1176,1,0.8045739381520015,1
9039,0,0.08245523464396172,0
14303,0,0.17714392720140004,0
29449,0,0.3308242738920292,0
28942,0,0.2222607879328818,0
14234,0,0.40164664305704106,0
4852,1,0.3317057656234376,0
26736,0,0.08522321826460852,0
4210,0,0.12786596948065737,0
8841,0,0.17155430415437323,0
2278,0,0.11508832585116237,0
18350,1,0.0732263735082693,0
3190,0,0.16265262076354947,0
26223,0,0.08914738300928049,0
15510,0,0.12697784635223067,0
8006,0,0.12972035649303232,0
22567,0,0.8062932280369881,1
4321,1,0.08308013324382936,0
5497,0,0.09249450754391925,0
28177,0,0.6120254362566943,1
3972,1,0.515546292448228,1
21102,0,0.2979194022506204,0
20836,0,0.09663792288327444,0
4811,0,0.07422463649393957,0
22104,0,0.10772472735234077,0
10748,0,0.09695701111309156,0
13868,0,0.195261960863318,0
15530,0,0.08948854765106082,0
17511,1,0.3546316701260352,0
25646,1,0.8209979299385769,1
148,0,0.23499110985848912,0
17400,0,0.1049371795622017,0
8764,0,0.0981426311829199,0
4274,1,0.21205310445740608,0
29440,0,0.17349327451530278,0
5216,0,0.10960363377399929,0
27486,1,0.7755279332566077,1
19192,0,0.10322278301350409,0
13767,0,0.09079022440531251,0
23593,0,0.5061478650796007,1
44,0,0.08816156467760511,0
6464,0,0.06664637681545442,0
9251,0,0.2548276371657499,0
24837,0,0.08737943269426537,0
29804,0,0.12305558022494606,0
29910,0,0.30884332551679544,0
19467,0,0.09984810437817535,0
27078,0,0.6768666842112012,1
6036,1,0.1290091025875108,0
27141,0,0.12403066788165436,0
11645,0,0.14157583567118473,0
14442,0,0.13365479145501763,0
6869,0,0.12360294926775423,0
19014,1,0.14803757004490947,0
13196,1,0.3546316701260352,0
12282,1,0.6621178911602479,1
19798,0,0.07972308653357482,0
14788,0,0.08174961348522121,0
27767,1,0.3546316701260352,0
7810,0,0.09393937532633677,0
20476,1,0.20451435233387363,0
27072,1,0.7247791140344423,1
11998,0,0.33678575387534343,0
12757,0,0.10034036238298807,0
3317,0,0.08333595055966173,0
3841,0,0.16702505376368346,0
13149,0,0.14440673030326007,0
15274,0,0.07461814580997034,0
20038,0,0.14737817523599164,0
13303,0,0.15039588030069045,0
5380,0,0.1317343784611815,0
24916,1,0.09614897622199012,0
19080,0,0.08262099619818722,0
3940,0,0.12155906815436475,0
4689,1,0.7181910383519547,1
9694,0,0.09746886294647374,0
7691,0,0.18341254097978343,0
25450,0,0.13189118179306544,0
14686,0,0.14927272715719192,0
24835,1,0.4814565869475221,0
10837,0,0.14487276351282807,0
8219,0,0.15451119658900872,0
13145,1,0.3694741497476152,0
9797,0,0.14794750558393605,0
14367,1,0.28939474792832326,0
3596,0,0.0976604360327859,0
2695,0,0.38441942994596706,0
997,0,0.1908682836456344,0
3211,0,0.4867237088783781,0
11771,0,0.09562635165036885,0
28291,0,0.08950640139611282,0
12859,0,0.08207871031909672,0
23351,1,0.09226321488967675,0
13614,1,0.12881221775700616,0
14413,0,0.14948154069207373,0
18177,0,0.6786580087738902,1
5355,0,0.12061125705086374,0
23764,0,0.09634219459246773,0
17639,0,0.2875365175407389,0
23576,0,0.3333738848165465,0
15243,0,0.10685074619853702,0
12709,0,0.10323123551136817,0
23892,0,0.3078797512906487,0
7802,1,0.15784526196372026,0
6503,0,0.17068394009940502,0
28752,1,0.14359269668976732,0
9539,0,0.14776465849035134,0
26582,0,0.17646748614435398,0
10756,0,0.1505274376349897,0
8545,1,0.12704311247150293,0
28139,0,0.122715827236615,0
21797,0,0.09251117638451348,0
1483,0,0.09952093602613114,0
2446,1,0.1463834781669846,0
4420,0,0.15089925108605678,0
19723,0,0.06946780425606852,0
17703,0,0.8403996153842047,1
22552,1,0.1681971141731676,0
27386,0,0.09777488726263639,0
3103,0,0.11611933505942679,0
28210,0,0.12802655271127933,0
14868,1,0.2936794376864753,0
17934,0,0.09422382298224966,0
14547,1,0.6097441943436054,1
19520,1,0.11923761727165916,0
23505,0,0.06446757185812707,0
5461,0,0.279435423380151,0
29328,0,0.12372482718487009,0
5733,0,0.09005993905888907,0
13356,0,0.12742799234109825,0
24786,0,0.0702286754420326,0
24831,0,0.15469815004505297,0
8617,1,0.13777358937425943,0
9379,0,0.10787956312226862,0
3427,0,0.054438831015415114,0
26169,1,0.37553313307679437,0
5628,0,0.09183019843799796,0
9627,0,0.14254832634444556,0
15109,0,0.09549228661395183,0
7380,0,0.10492019196466487,0
24959,0,0.09002175000045254,0
9987,0,0.07499724787254189,0
9045,0,0.07885681235776479,0
22328,0,0.3402312341832004,0
5378,0,0.08816050725460961,0
17897,1,0.39765690511117957,0
27365,0,0.24523571248721193,0
8146,0,0.1681540444072434,0
14765,0,0.10031001520313522,0
25741,0,0.0559608050359315,0
10422,0,0.3308144320873273,0
25358,0,0.11729904621923809,0
24785,1,0.2555806496104539,0
17228,0,0.09743828766683063,0
11135,0,0.28582107238993065,0
26110,0,0.15812697819479843,0
20253,1,0.2530980395866578,0
22189,0,0.09396872636942329,0
24800,0,0.45508580541029103,0
22051,0,0.1665745776614739,0
22504,1,0.12370313167891511,0
11483,0,0.09370618327076823,0
1324,0,0.1383117291227814,0
23653,1,0.32192250147159507,0
6320,0,0.12913058600855853,0
15365,0,0.17148796068523717,0
24622,0,0.08168178634623637,0
19571,0,0.13001204957755522,0
26569,0,0.09032908404811536,0
19775,0,0.07791885140385432,0
10993,0,0.09651753645726653,0
23493,0,0.16080094399502418,0
504,1,0.1197923440438075,0
10766,0,0.6449217707130068,1
20684,0,0.08924389162183953,0
9576,0,0.07066803260696468,0
27727,0,0.25179475625422354,0
25296,0,0.10453366642803008,0
14230,0,0.11907324871157464,0
9329,1,0.6313046888402893,1
26946,0,0.09777647019415925,0
19328,0,0.2290143177945328,0
16075,0,0.17061365644868,0
12614,0,0.07963262979251719,0
13253,0,0.11983293842001962,0
29435,0,0.12117908179513208,0
8472,1,0.6789661560114897,1
12681,0,0.16279550967624487,0
18224,0,0.276208368242467,0
29572,0,0.1487756992010289,0
15453,0,0.17348064604001906,0
18774,1,0.7006570845701786,1
6203,0,0.1530093818091343,0
21927,0,0.1504575278507943,0
11254,0,0.09630512322351578,0
13097,0,0.3546316701260352,0
26850,1,0.6205071955562764,1
1604,0,0.16671216289142227,0
6096,0,0.14630016852154046,0
18844,0,0.14295821963358174,0
29315,0,0.12734114101167177,0
9186,0,0.10559255225187583,0
25318,0,0.13285929226023974,0
21209,0,0.07147765345780792,0
6866,0,0.16767759371033347,0
29599,1,0.08160139722757659,0
25610,0,0.09642221990440737,0
1034,0,0.0881232048005616,0
28242,0,0.21859763810813923,0
22397,0,0.08803830481544012,0
20002,0,0.43870873302528685,0
26640,0,0.14403707357842346,0
5338,1,0.12371981428252052,0
20576,0,0.06590500271508581,0
9163,0,0.09575710146890576,0
12954,0,0.23971406683969568,0
7607,1,0.0866352174958658,0
3845,0,0.1924817991668516,0
18741,0,0.14457632077694693,0
25961,1,0.23663542546310956,0
9359,0,0.08231179204093367,0
13439,0,0.32844972541737455,0
4690,0,0.4869625995229358,0
20499,0,0.12449090106819755,0
28791,0,0.18498298561690324,0
11606,0,0.28565771073461144,0
23364,0,0.055813182500505744,0
14252,1,0.5196740025756036,1
19370,0,0.09243330288468893,0
1057,0,0.3107978606084793,0
8769,1,0.6121742721405199,1
5842,0,0.060187932162539454,0
12472,0,0.27773429529068583,0
1184,0,0.10618384886212212,0
11819,0,0.14454077063757673,0
21072,0,0.05286941977223554,0
24381,0,0.11987936704397534,0
4642,0,0.12331769555732558,0
9832,0,0.0915979345393535,0
1348,0,0.09814735017623236,0
15730,1,0.1175586816316694,0
27565,1,0.10371086762270282,0
15688,0,0.12119608462162251,0
28161,0,0.056361435515886266,0
264,0,0.0886022653835293,0
4394,0,0.12471951513086513,0
23795,0,0.06214580306725139,0
18727,0,0.1677585132203325,0
27014,1,0.46269556299385584,0
16368,1,0.11797818735997492,0
10105,0,0.1542918595495962,0
25715,0,0.1303580744526532,0
29375,0,0.3546316701260352,0
5313,0,0.16082783478149903,0
22952,0,0.1188810278432004,0
28030,0,0.09343591379095166,0
21508,1,0.632717816681641,1
5095,0,0.12004562601605638,0
151,0,0.1661719535550403,0
3230,0,0.08469597604853898,0
8319,0,0.07767701679505634,0
20298,0,0.30884332551679544,0
13820,1,0.13803348918946123,0
7429,0,0.08252902597461581,0
12379,0,0.37223847567722657,0
10677,0,0.07545098763413194,0
8106,1,0.28118869035449234,0
18763,0,0.13540768431917743,0
20573,1,0.2616736308257516,0
25323,0,0.08844527698501904,0
11841,0,0.07781093718548063,0
20731,0,0.40325901721909896,0
22234,0,0.13699721326377087,0
29229,0,0.15699280075609598,0
9049,0,0.18918665039342625,0
18205,0,0.1085098520447645,0
5512,0,0.2653501112668438,0
20822,0,0.12745240780998068,0
19429,0,0.27109308774968066,0
13498,1,0.16661250937753297,0
8408,0,0.8214743539083392,1
19043,1,0.6891330915606065,1
22685,0,0.06481745146431689,0
17990,0,0.08801200002650701,0
25597,0,0.20932355707210754,0
28006,0,0.05315870782225503,0
6282,1,0.6339879687922326,1
5196,0,0.0992092993644031,0
27575,0,0.12132519641790437,0
4680,1,0.7039262033826994,1
7890,0,0.2327706016722341,0
23301,0,0.09806564430447309,0
26683,0,0.14275838784824013,0
24708,0,0.07194684273315503,0
16805,0,0.19958378467850063,0
13103,1,0.10038571629784573,0
22406,0,0.08788630398120445,0
24223,0,0.10901644099915536,0
8243,0,0.3546316701260352,0
6632,0,0.06585490150539602,0
316,1,0.1259128117395184,0
20321,0,0.086321355065706,0
15506,0,0.4274939225547893,0
1916,0,0.1016023353990661,0
17803,0,0.12143671490964296,0
5707,0,0.07050243525848315,0
22553,0,0.1042937480498383,0
11317,0,0.10151461641695204,0
24963,1,0.38219712938134104,0
24080,0,0.2999839517500055,0
26002,1,0.2674571683178551,0
6893,0,0.112142699509103,0
24093,0,0.7740617615719657,1
24345,0,0.08694284255338103,0
24676,0,0.20273722829780955,0
15580,1,0.15714299995378256,0
2118,1,0.2920143142093287,0
10406,1,0.6245016884778947,1
2814,0,0.13502382040636737,0
7511,0,0.057977777110049124,0
26350,0,0.24024220857749043,0
27001,0,0.22761951830361993,0
11920,0,0.2067439713512065,0
26648,1,0.7307533489548235,1
291,1,0.18560687509190352,0
17558,0,0.08329491325671495,0
12982,0,0.18995732664616236,0
16810,0,0.057418456282678,0
23352,0,0.10064915125067653,0
23567,0,0.05629446448240788,0
15778,1,0.46012741277370234,0
2215,0,0.22485531569813136,0
22180,0,0.06010271402849631,0
6109,1,0.4478618951084195,0
7364,0,0.18145004753746716,0
876,0,0.1519292791531445,0
5220,1,0.1263175011698693,0
3994,1,0.1506010523407846,0
23477,0,0.04673785055093995,0
22982,0,0.09595415005828062,0
14727,0,0.17450408845865667,0
11359,0,0.1682872454305077,0
9009,0,0.11898769765343947,0
29211,1,0.49816021807010324,0
9424,0,0.12166620932016942,0
20931,1,0.1300209506462611,0
5108,1,0.1750845063461764,0
21499,0,0.24606683245393576,0
29006,0,0.1313000688012652,0
2589,0,0.08002705893609229,0
22266,0,0.048669111529961846,0
10211,0,0.4272541883338235,0
15007,0,0.08928723958200717,0
14190,0,0.0666769225133524,0
8142,0,0.1229106618975274,0
1730,0,0.47175926041607363,0
22949,1,0.12670776780990284,0
26306,0,0.10078148461002549,0
29421,0,0.17048992951637676,0
1388,0,0.4475162116657897,0
8268,0,0.23546281633544566,0
26671,0,0.11063786062925236,0
17979,0,0.1230617557449146,0
2376,1,0.8233546758754353,1
13956,0,0.10447280659582547,0
1134,0,0.6988091742359885,1
14317,0,0.10497026753741748,0
6900,0,0.30884332551679544,0
28653,0,0.08952817803854243,0
2593,0,0.11464120780288814,0
14281,1,0.707009132619915,1
12851,0,0.13039030813570662,0
9793,0,0.07748729795907422,0
27036,0,0.127240297230651,0
2301,0,0.6167695056497814,1
10133,0,0.7311317970714729,1
5406,0,0.23866565070255313,0
11360,1,0.7124541613513828,1
7935,1,0.2563946979601244,0
10019,0,0.10053461815672562,0
15441,0,0.0919260681914968,0
14118,0,0.4179048576414857,0
25124,0,0.16622072217833747,0
19005,0,0.07347307559049834,0
11015,0,0.09032662531996538,0
12959,1,0.7487503555987134,1
26673,0,0.33638381773511583,0
20480,0,0.09257599153772123,0
2502,0,0.06740230497806811,0
14973,0,0.42903267976755927,0
20788,0,0.08083239568669161,0
24142,0,0.09365907875792391,0
26902,0,0.12496338096323382,0
12423,0,0.12349843698563037,0
24000,1,0.1689750612899684,0
24817,0,0.11946886483691749,0
20845,0,0.19323883507602743,0
18928,1,0.5657664282568162,1
16489,0,0.3141971787475722,0
168,0,0.3686659643128685,0
26971,1,0.352402457656281,0
11098,0,0.10145705233103569,0
13963,1,0.6507935785947058,1
1645,1,0.6730326127305242,1
14484,1,0.3557165017792661,0
2415,1,0.14770889925322364,0
16540,0,0.3236844988026658,0
4526,0,0.10842507910300517,0
14811,0,0.44340391467064627,0
3613,0,0.2494699284353318,0
25583,0,0.08689171847036076,0
24711,1,0.10479302739155859,0
16759,0,0.12442252778451929,0
2761,0,0.13835096970281544,0
13388,1,0.1158620085920589,0
25462,0,0.08888730746930001,0
21010,0,0.12602047131301386,0
9684,0,0.1268268783634583,0
3504,1,0.11950545792161871,0
248,0,0.12724521843110664,0
15594,1,0.8387206675408813,1
25904,0,0.14820325416302868,0
24574,1,0.36949822055905573,0
17572,0,0.1635914583182768,0
451,1,0.3546316701260352,0
488,0,0.09057465686747185,0
19295,0,0.10044574896877734,0
16350,1,0.08687066014223886,0
5261,1,0.5367536443587222,1
27016,0,0.08546309852664943,0
13487,0,0.4489973596837067,0
16553,1,0.11374298793491208,0
25187,0,0.1460144312308681,0
8043,1,0.6471155707508118,1
12024,0,0.15238223486129363,0
27227,0,0.07436877347728314,0
29281,0,0.08119308646138615,0
20374,1,0.5546503514171924,1
1064,0,0.07935338505302694,0
4450,0,0.07476521546148962,0
21523,0,0.3831028357790156,0
1115,0,0.09978122942792533,0
13711,0,0.11366474254387068,0
29117,0,0.12656324933195073,0
16573,0,0.08693371040349016,0
22886,0,0.12361667547472546,0
21235,0,0.09620817835917811,0
14067,0,0.437402369342173,0
3002,0,0.06429636643203335,0
15191,0,0.619549437107112,1
16729,0,0.12501179325375233,0
6113,0,0.1374612303253327,0
4481,0,0.38966268710996665,0
21118,1,0.08342677070560525,0
8495,0,0.5106706943615853,1
17582,1,0.577073406396537,1
1663,0,0.302211370373439,0
26930,1,0.5331777288870898,1
28706,0,0.14904750929317526,0
5456,1,0.449583014403564,0
22637,0,0.12302911798791817,0
23587,1,0.11084907212230156,0
17629,1,0.45835542199562984,0
26529,1,0.08149709613580029,0
14796,0,0.23238216699395306,0
15279,0,0.1430112774263815,0
21555,0,0.10199116152069682,0
10671,1,0.08651306275217763,0
16250,0,0.19321378110756793,0
9643,0,0.10338712952926374,0
20300,0,0.076272362032143,0
21245,0,0.25589019915436767,0
20345,0,0.0927465641858261,0
22270,0,0.06665691930575596,0
24967,1,0.6549247211490338,1
3198,0,0.11748888495663634,0
5549,0,0.1314931200801303,0
13107,0,0.3546316701260352,0
19802,1,0.41144144389416504,0
9842,1,0.13923740241979313,0
20987,1,0.5455510818590257,1
5972,1,0.12185596007660073,0
8137,0,0.09319905595689928,0
11904,0,0.10933743246310508,0
1372,0,0.12096756020016283,0
23862,0,0.15373449605851705,0
17257,1,0.6796849077869048,1
1107,0,0.1382896065401424,0
18883,0,0.12029262235934698,0
4027,0,0.14253655942757998,0
9569,1,0.10317010705985455,0
16919,0,0.1246592660759832,0
721,0,0.12158603795081929,0
28755,0,0.12546888913900006,0
13165,0,0.09161275482463273,0
5533,0,0.18205710968429467,0
7931,1,0.15957905467903077,0
20839,1,0.5972742523891501,1
15863,1,0.301519276597341,0
5384,1,0.4840632501594061,0
26890,1,0.7075180305197014,1
1087,1,0.11914296844806824,0
25931,0,0.10715216161569278,0
8820,0,0.12806112019261473,0
20291,0,0.6665415522539031,1
27479,0,0.11564021969256018,0
29462,0,0.1160894440578938,0
23081,0,0.343283260788282,0
26250,0,0.3546316701260352,0
29088,0,0.41969753205767213,0
12712,0,0.08783020358139604,0
17980,0,0.09248853479259449,0
16600,0,0.16656476644532078,0
19692,0,0.07601403239007047,0
7753,1,0.6982612484180083,1
17466,0,0.06197576463763635,0
12913,1,0.4318705968896536,0
8715,0,0.10112304808852393,0
17444,0,0.19327449058445612,0
2146,0,0.12209577963239779,0
16658,0,0.08182098878588247,0
26300,0,0.15187211952985794,0
25591,1,0.6994276792672571,1
20488,0,0.08924971029600477,0
25106,0,0.0985389547035896,0
20452,0,0.1471787168881077,0
11833,0,0.08912924517484397,0
1312,0,0.6270685063638727,1
28087,0,0.0724984105907796,0
5602,0,0.3121020766166585,0
3609,0,0.11370380323864081,0
28086,0,0.14532522859226663,0
21785,0,0.08777312935139182,0
13877,0,0.5393741647066779,1
4376,1,0.39813079157728004,0
4129,0,0.14052508340080086,0
9599,0,0.06624487295928516,0
2640,0,0.08065469670561973,0
4037,1,0.3546316701260352,0
20583,0,0.09806542481733899,0
24005,0,0.1365961510976763,0
23070,0,0.47248996144615646,0
18129,0,0.1765728291907184,0
5467,1,0.5792482840799633,1
3036,0,0.23738500319260042,0
602,1,0.241732976046125,0
23130,0,0.1520281506373756,0
25464,0,0.1604463088755819,0
8125,1,0.9274636473960577,1
25625,0,0.09428409180642104,0
7515,0,0.12683233611212028,0
11956,0,0.13292879089849022,0
29990,0,0.17887998592919094,0
5663,0,0.1118918673658071,0
21427,0,0.08904952899767543,0
6664,0,0.09426255631380291,0
410,0,0.10067429407443308,0
6848,0,0.060422870839829675,0
6353,0,0.632455258498868,1
16915,1,0.522068930096421,1
3351,1,0.5398825871879659,1
13525,0,0.10602347922824923,0
4153,0,0.08472076210478992,0
24019,0,0.10244827899691575,0
24448,0,0.0578885894148356,0
23262,0,0.4535161035831763,0
22698,0,0.14291207281917806,0
5514,0,0.17148167124899005,0
5622,0,0.1579745959584243,0
11808,1,0.09690362721048056,0
14735,0,0.2384152014573203,0
27787,0,0.12420096680573157,0
18333,0,0.08510949952610415,0
222,0,0.1446795135687969,0
7418,0,0.1269535797193355,0
14814,0,0.1953397279237143,0
10298,0,0.19175407670601782,0
28940,0,0.06547100804922272,0
10370,1,0.7533206068338701,1
25551,0,0.08608270556262239,0
5173,0,0.15783292093853513,0
23957,0,0.10974042153487934,0
24182,0,0.09466612157394982,0
381,0,0.08818247699820789,0
9254,0,0.15238327383260158,0
650,0,0.6102449156022256,1
11765,0,0.19032322591321305,0
13975,0,0.30884332551679544,0
7457,0,0.08831838612254751,0
23453,0,0.06050901249348839,0
1823,0,0.10700220527987735,0
27384,0,0.08082065546237255,0
17282,1,0.36780585818328604,0
11687,0,0.10953869503318611,0
21108,1,0.7172686244309098,1
2153,0,0.10571848614745732,0
12136,0,0.15759395533364443,0
16892,0,0.30371953096378207,0
608,0,0.1265483471742651,0
3590,1,0.7504764409144364,1
6199,0,0.34361925162741724,0
18430,1,0.6289800844331729,1
21155,0,0.1352539376301887,0
8847,1,0.7039713663054437,1
14961,0,0.10100272879487453,0
23771,0,0.08043632164109886,0
7887,0,0.1881373604927998,0
29722,0,0.09090437831199694,0
9113,0,0.14687190093106128,0
18315,0,0.7632760458840688,1
22232,0,0.10009288503482444,0
23123,0,0.07240440610960514,0
23535,0,0.15335105163398405,0
22731,0,0.13504876440026417,0
3422,0,0.23463281534219868,0
10355,1,0.663317827347788,1
11853,0,0.23418234946057986,0
18088,0,0.08197006990110393,0
4253,0,0.16627452986233224,0
26295,1,0.21822240339256635,0
15542,0,0.13935737666101095,0
23281,0,0.0702648123150077,0
7795,0,0.15827085992086393,0
12484,0,0.11771116918957732,0
22436,0,0.19765574565308824,0
11238,0,0.2506998755991508,0
15866,0,0.18788701731752544,0
14403,1,0.17057214867440326,0
7842,0,0.1628605372518883,0
19305,0,0.2229455623676467,0
14178,0,0.24878126203918843,0
27547,0,0.19692890471832572,0
6391,0,0.09555644224569194,0
21363,0,0.7072078361885478,1
9543,0,0.1822896263218375,0
11604,0,0.09497169121756467,0
7489,0,0.11930396596495933,0
232,1,0.3727490738258756,0
3273,0,0.12101905525096171,0
26280,0,0.3546316701260352,0
14892,1,0.9131080174034514,1
4903,1,0.6572308434211557,1
9560,1,0.19604015328939903,0
7956,0,0.5677610322872062,1
7071,1,0.5002987231347887,1
13142,0,0.08916754914727248,0
14050,1,0.14507657208664218,0
76,0,0.28942849020340083,0
21842,0,0.13139002584572057,0
5771,1,0.4270903187122473,0
1109,1,0.09410983429163526,0
26005,1,0.06921349514235803,0
7746,0,0.1154132327325644,0
2210,0,0.14071537520950078,0
8256,0,0.15415205361933262,0
2387,0,0.1640391529483437,0
749,1,0.20568467280184066,0
16288,0,0.14631786976574962,0
25671,0,0.10653016111515418,0
17204,1,0.7860017610544547,1
19684,1,0.288639981414606,0
7468,0,0.07675264355605221,0
2360,0,0.08969728224775401,0
1600,1,0.15649104727018795,0
477,0,0.14275280370875387,0
25195,0,0.07459450261123311,0
21295,0,0.07787557185047286,0
11716,1,0.15408132746946315,0
15460,0,0.38827196058745483,0
4049,1,0.2594864590428997,0
8475,0,0.14034669611109638,0
22723,0,0.13743243385976647,0
9528,1,0.09611288975296084,0
11612,0,0.11523078309234773,0
260,1,0.5602597545538407,1
27912,0,0.23951402021877308,0
18138,0,0.29523035518156987,0
24765,0,0.1700493082873619,0
13406,1,0.4051890224084685,0
11618,1,0.19282478816144338,0
23832,0,0.05536108547167633,0
3538,1,0.7119480897187208,1
7822,1,0.30357149866316857,0
10064,0,0.10114892505021957,0
16884,0,0.14294543053213135,0
13838,0,0.08576173995710482,0
25894,0,0.25415740117771635,0
9961,0,0.09434788894593969,0
29701,1,0.26179858370832965,0
2702,0,0.1456179146546055,0
26468,0,0.10054649589556658,0
8629,0,0.07915235217659446,0
4456,0,0.37349356224060437,0
20887,0,0.10896828831655357,0
22808,0,0.11722664724219213,0
18665,0,0.09682708614724761,0
9021,0,0.09906362180176334,0
6558,1,0.3342262761549702,0
9788,1,0.7651183472373971,1
17527,0,0.12508268376310977,0
28245,0,0.1224661915049856,0
11126,0,0.09381722065108768,0
6309,0,0.12069409530695188,0
2620,1,0.23580424732041252,0
3505,0,0.21294693382871416,0
27404,0,0.07704159488770775,0
19426,0,0.2239353445948777,0
8744,0,0.0905124005863978,0
8232,0,0.12115602926996667,0
16264,0,0.09699287794348159,0
1797,0,0.1056712214278774,0
15086,0,0.11175617872171145,0
18536,0,0.07556481921862669,0
12767,0,0.08225031010396652,0
12297,1,0.1433778776643873,0
12342,0,0.19612246271223413,0
16774,0,0.1296896028768767,0
28776,1,0.17113323586617424,0
14434,0,0.13890831057024108,0
4686,0,0.09415190952757456,0
26744,0,0.5145093852376758,1
12979,0,0.23657226682191834,0
8305,0,0.11385926281748873,0
27153,0,0.0615138200402097,0
4098,0,0.08684211283016773,0
5884,1,0.6862074810986484,1
17185,0,0.09290979219612837,0
2741,0,0.14884081268010874,0
25547,0,0.3795229946073555,0
9633,1,0.5418473425073118,1
18151,0,0.12356816094466973,0
27111,1,0.30197032636537324,0
8171,0,0.08845897401522482,0
12363,1,0.42652311009866095,0
20524,1,0.7591955565434573,1
17972,1,0.3546316701260352,0
8519,0,0.12971124489175065,0
20078,0,0.05666136532017567,0
20729,0,0.09809605366006612,0
6605,0,0.27963015759069654,0
28193,0,0.10992598749162594,0
13720,0,0.7925463528079015,1
20093,0,0.1377072745497434,0
14493,0,0.08202059391608327,0
8618,0,0.2947434749652821,0
2865,0,0.8035254550230496,1
16256,0,0.3546316701260352,0
20211,1,0.6105005105842121,1
19792,1,0.1286616072372594,0
25859,1,0.23106464633305523,0
20212,0,0.13122266883038206,0
8333,0,0.13645710147693677,0
22970,0,0.11512231129288489,0
10598,1,0.7597101979692185,1
3989,0,0.16042507847810467,0
20781,0,0.11729376572300826,0
2351,0,0.09072753857572574,0
5755,1,0.5146166893068282,1
14603,0,0.15564819901621857,0
22614,0,0.1641396602750449,0
9630,0,0.10093101852455388,0
6454,0,0.2884575394850065,0
15098,0,0.10962901207193702,0
18866,0,0.7519777245925205,1
15381,0,0.08459586088416488,0
20491,0,0.33182300207578114,0
6966,0,0.1514948029341393,0
4004,0,0.17148609209995974,0
9330,0,0.21894409418237906,0
3003,1,0.7085042277050283,1
13913,0,0.3546316701260352,0
16037,0,0.10217065922830121,0
735,0,0.10473314877789404,0
25253,1,0.6315013277509859,1
17212,0,0.14144145220690238,0
28926,1,0.116851728863979,0
6626,0,0.18517459851215404,0
14937,1,0.08711416535237315,0
19814,0,0.30960114667308075,0
11829,0,0.280102533068496,0
27347,0,0.09099311139972181,0
24190,0,0.10253676433493926,0
5666,1,0.11013871750109473,0
4983,0,0.16898754740324043,0
12995,0,0.08595965299650256,0
14586,1,0.3546316701260352,0
10312,0,0.08367576568650857,0
21149,0,0.09326991006015367,0
20497,1,0.681571606389142,1
4472,0,0.08194815584051937,0
6597,0,0.10777445362060421,0
6242,0,0.11275455774067376,0
11260,0,0.5402814106463718,1
6121,1,0.6653178721749806,1
22625,0,0.09248775749157886,0
10043,1,0.7620165128020521,1
25019,0,0.148445603010521,0
15140,1,0.1162514597703994,0
1581,0,0.14136502944314033,0
26482,0,0.11621246241258637,0
1912,0,0.12123505450554017,0
7218,1,0.13381187449862772,0
92,0,0.17754107754435186,0
15293,0,0.13940425466518766,0
189,0,0.09787821794008733,0
9363,0,0.05940458781478879,0
10860,1,0.33975861795061063,0
7025,0,0.10664436541893992,0
5478,0,0.09013952215694383,0
20161,0,0.10564566528968766,0
18375,1,0.1437942063855195,0
322,0,0.095752129694164,0
13550,0,0.11049876531910624,0
4741,0,0.4949878779047412,0
22288,0,0.386686800656368,0
4292,0,0.2586496741432446,0
21044,0,0.1437310361248416,0
14322,0,0.12393890595577944,0
195,0,0.12937125719318165,0
2831,0,0.0928382414721214,0
11905,1,0.15702563965270544,0
25667,0,0.14807634167734085,0
14713,0,0.09698520366341973,0
2517,0,0.11311134572422583,0
27952,0,0.30884332551679544,0
15517,1,0.15077802943114502,0
12888,0,0.11903002384801889,0
29155,1,0.5673725217475597,1
7326,0,0.09692268320161107,0
28431,0,0.1183287819039653,0
757,0,0.09393454550730633,0
7252,0,0.1608285898181708,0
7760,0,0.45013453534379677,0
29657,0,0.12804017178081503,0
26425,0,0.08065631971652083,0
1748,0,0.08320320499523641,0
12532,0,0.11287521097816612,0
20387,0,0.08940457707840789,0
1053,0,0.1347057474818306,0
19843,0,0.7861459576820812,1
2445,0,0.2772544856638325,0
25739,1,0.15020934217648557,0
11049,0,0.11754687303425904,0
28600,0,0.2681081089568311,0
16778,0,0.0970324599436452,0
24733,0,0.4256775535575552,0
13615,0,0.08322953985287075,0
20922,0,0.3435759532803587,0
11146,0,0.09560378983750974,0
7137,0,0.08756563880478183,0
19428,0,0.06927744535222148,0
20441,1,0.5399927563411712,1
4794,0,0.07767276473037577,0
29159,0,0.10770297027469329,0
19980,0,0.1066626170177236,0
10564,0,0.18014049242278027,0
14324,0,0.1471659261163815,0
4731,0,0.07634351963037503,0
29501,1,0.8607755972830143,1
13347,1,0.1437447106466077,0
7488,0,0.18967125301587753,0
18859,0,0.08816300176709921,0
14162,1,0.44231146168371105,0
10891,1,0.357977456598417,0
3754,0,0.19260563816226065,0
9474,0,0.09920457420846533,0
15611,0,0.1400054758521305,0
10012,0,0.11014858441548828,0
27025,0,0.6570974870877844,1
1809,0,0.08471338163607539,0
17963,0,0.09848018703335469,0
5039,1,0.10757920455521758,0
16421,0,0.048127766188951863,0
4815,0,0.19656007256903807,0
24236,0,0.29890567953068303,0
4417,0,0.1227149427177337,0
6873,0,0.10888380171816499,0
23583,0,0.18274799887107432,0
25574,0,0.15207287310690673,0
20632,0,0.0843488210787024,0
28114,0,0.0944420965718349,0
22796,1,0.10116915213214096,0
22111,0,0.07367840418668675,0
22996,0,0.10239373713734144,0
2938,0,0.0736120420399402,0
17129,0,0.2594989185162535,0
19923,1,0.09072130003776527,0
5217,0,0.12281790629777534,0
6595,0,0.30135151313364356,0
18400,0,0.09126283365150002,0
15905,0,0.10571362433234686,0
12834,0,0.12239554980726047,0
15325,1,0.08384984962136123,0
17981,0,0.08816156467760511,0
3885,1,0.18876849388078437,0
19877,0,0.07734556258912416,0
18090,0,0.10655516809530287,0
10866,0,0.1536663064982118,0
16753,0,0.11655042431301363,0
2770,0,0.13897432188215564,0
24155,1,0.7079084331647292,1
6727,1,0.7397079187160006,1
26452,0,0.1752067782041057,0
11479,0,0.13777644556415436,0
11132,1,0.10483786979578479,0
8458,0,0.10314713226479771,0
12103,0,0.10277305868498039,0
7754,0,0.1308984095577605,0
11656,0,0.16250485028777814,0
11948,0,0.10050549750037946,0
19089,0,0.3533271137646456,0
24639,0,0.23070014869826047,0
19369,0,0.33135300019078523,0
27927,0,0.1262497991255963,0
19387,0,0.3428457476414426,0
14149,0,0.429314089514476,0
16108,1,0.5838772237017694,1
14565,0,0.12904629013736474,0
17113,0,0.14419127263490006,0
24051,0,0.10528164990351413,0
6207,0,0.12549993001178195,0
11488,0,0.08539132348017318,0
18738,1,0.1550886955333893,0
18721,0,0.7692365430250183,1
16025,0,0.09100040780666425,0
26704,0,0.09919450209491731,0
16362,0,0.07120486760167151,0
11831,1,0.3473049359826885,0
22341,0,0.09512255094047543,0
14570,1,0.633088500796483,1
16097,0,0.14949739707755552,0
3083,0,0.09041887446627561,0
26626,0,0.07252875886910959,0
15138,0,0.20396514397986132,0
10951,0,0.10938249280034498,0
18508,1,0.3249287483385664,0
23319,1,0.1294037040297374,0
18,0,0.11492614107440419,0
9608,0,0.26933317406529683,0
27429,1,0.1419383969889923,0
27053,0,0.15283084802337882,0
18086,0,0.6907497506308833,1
24018,0,0.14818486355619723,0
13694,0,0.11783364716073837,0
17211,0,0.12729438296657866,0
18938,0,0.06054014351787285,0
2436,1,0.16239345881936793,0
21914,1,0.4485431082116796,0
18544,0,0.10155331184923401,0
27987,0,0.08736145587057194,0
9099,1,0.8345791829486603,1
18371,1,0.6720534727512778,1
1494,0,0.08694393811860009,0
2009,1,0.27149160879226897,0
14583,0,0.07979975877097631,0
5223,0,0.0992175479972469,0
5228,0,0.10309432923195748,0
17713,1,0.7430176826838403,1
26510,0,0.1528571119779099,0
11593,0,0.2647108001927671,0
12905,1,0.6422694062513429,1
2270,0,0.3885753022531624,0
17436,0,0.11689726074133895,0
22969,0,0.4502475958017046,0
16432,0,0.580754479762826,1
1802,0,0.1936211359981838,0
10374,0,0.14745645153648856,0
15190,1,0.17087336643223844,0
8417,0,0.11350598582512955,0
10057,0,0.14914987387580586,0
9252,0,0.30773609412306785,0
10257,0,0.1646952405147621,0
6922,0,0.11526303316830083,0
26245,0,0.18295157768668407,0
10912,0,0.11722473744327538,0
1304,1,0.6504434320725511,1
21100,0,0.2316247625216417,0
24183,0,0.05298584394052244,0
12556,1,0.10364095175178395,0
24098,0,0.1520281506373756,0
2735,0,0.10282333080952784,0
24780,0,0.0895172425113198,0
19333,0,0.12860787505706273,0
23690,0,0.3928875245458696,0
2547,0,0.054123175574182475,0
5115,0,0.09091331440995026,0
20041,0,0.11134055847588849,0
12108,1,0.08594473247230155,0
27960,0,0.3150135712531466,0
4561,1,0.10793022405905345,0
2196,0,0.2421817132086885,0
6743,0,0.06371876910729654,0
1704,0,0.16035313729827036,0
17104,0,0.18988573657478372,0
1291,0,0.08798338387630456,0
16190,0,0.07538353169437795,0
28496,0,0.23710332838107093,0
7517,0,0.3546316701260352,0
25588,1,0.7379255556461459,1
24811,1,0.19104399179833828,0
26353,1,0.09084999140922838,0
11012,0,0.15611148078569825,0
25257,0,0.2204519178532727,0
4679,0,0.10162551386299461,0
24350,0,0.15161149797285808,0
13050,1,0.3787392888358023,0
16746,0,0.08963582789377485,0
5909,0,0.08784828594739,0
12397,0,0.09814962735273201,0
16068,0,0.19626998704592993,0
397,0,0.11978454198805977,0
5865,1,0.2931167942867307,0
9738,0,0.14517171127408712,0
6779,0,0.07304815229341445,0
25285,0,0.10336095843867932,0
18356,0,0.07757079958035633,0
27685,0,0.10371224426716089,0
4111,0,0.12532673491510377,0
12523,0,0.2916441611789291,0
15280,1,0.44550895328632945,0
8981,0,0.12032219093552202,0
27063,0,0.07712785567146861,0
12149,0,0.08531553008226499,0
1596,0,0.25012519134650574,0
13836,0,0.12790975504776816,0
27177,0,0.3084812655221219,0
7917,0,0.3122420663683277,0
25845,1,0.3546316701260352,0
26292,0,0.06246604193344832,0
6139,1,0.13655614615999956,0
20199,0,0.11466304693891238,0
26865,0,0.2631543736264164,0
25922,1,0.08717954731434023,0
20192,1,0.08015641786229534,0
24832,0,0.1276227641329453,0
11058,0,0.153967773967301,0
29065,0,0.7651802873554436,1
7669,0,0.15808568555699476,0
14174,0,0.1976187161532212,0
483,0,0.17819873032746475,0
773,0,0.16374547081543464,0
11022,0,0.0679857171756559,0
22977,0,0.07295356180945042,0
29110,1,0.5513908956724187,1
25787,1,0.3546316701260352,0
7840,0,0.6175077485705067,1
7603,1,0.16412741845862175,0
27206,0,0.2896035422570687,0
17685,0,0.11971054516512694,0
29129,0,0.11535038481461464,0
17739,1,0.29548442332553976,0
13837,0,0.16100788427738444,0
5099,0,0.08302685370361818,0
26914,1,0.14664105025981247,0
2233,0,0.11583310403258318,0
24573,0,0.12707848410113096,0
17193,0,0.05505680282619443,0
18884,0,0.3546316701260352,0
26894,0,0.22676081147765947,0
29210,0,0.09855699180426974,0
2785,1,0.31694179679256135,0
19372,0,0.09769746966043392,0
8770,0,0.23161235108929912,0
3582,0,0.1314896569935083,0
23860,0,0.1302512454554029,0
7975,0,0.1428906819365789,0
21841,0,0.5337710488638616,1
2320,0,0.15636927094125666,0
21374,0,0.08495609905388574,0
6746,0,0.09188600636964273,0
20510,0,0.12566625104749374,0
1808,0,0.11926776676689257,0
9737,0,0.09461118855130685,0
12333,0,0.15769329721509165,0
21386,0,0.1615268941273156,0
7823,0,0.12232574168776102,0
17677,0,0.4471142148352402,0
9759,0,0.09586290224686327,0
8152,0,0.11295222484710019,0
26652,1,0.6708652343638817,1
11429,0,0.08528465430172463,0
21837,0,0.09491095186308372,0
18290,0,0.11430863311151558,0
27948,0,0.48758951507105536,0
19971,0,0.5108223732199489,1
23317,0,0.09091576326363018,0
3400,1,0.1532808528159238,0
27824,1,0.25650386881445675,0
3920,0,0.35681147106246736,0
26774,1,0.6662242273296596,1
20153,0,0.09924317560327178,0
12028,0,0.19099057048555587,0
25175,1,0.3927551031861518,0
3215,0,0.17847869638680142,0
15625,1,0.23785455420226273,0
24370,0,0.1007000038776259,0
16823,0,0.44669280310821774,0
11569,1,0.11829820050207297,0
25294,0,0.09618012525761598,0
28675,0,0.09855826455753433,0
8136,0,0.13444036432556036,0
11870,0,0.16573459335171964,0
18392,0,0.12117444081059554,0
24970,1,0.7064852922886761,1
3182,0,0.058994737767071107,0
3758,1,0.27771778395299956,0
28378,0,0.08579203679715876,0
22899,0,0.0891148143005953,0
17243,0,0.16242777690096588,0
8214,0,0.0853977224665355,0
9070,1,0.13820003146104023,0
13817,0,0.37786226063721884,0
9155,0,0.05526092897519511,0
13372,0,0.13575184519540506,0
16444,0,0.30884332551679544,0
3617,0,0.15269701541634467,0
18912,0,0.10227702625664108,0
3542,0,0.09254607097395992,0
10440,1,0.3546316701260352,0
11536,0,0.06469844519649197,0
1744,0,0.1813656433845808,0
13489,1,0.7510887281805949,1
10150,1,0.10821205869327084,0
4951,0,0.10049988703355892,0
9536,0,0.09403057789811062,0
1676,1,0.1189951136340368,0
14106,0,0.21233980059015725,0
120,0,0.1326413631815058,0
24919,0,0.05570431654392672,0
25636,0,0.09719671262705505,0
5048,0,0.08407895079498212,0
4120,0,0.07857878815765096,0
16861,0,0.09067511294048064,0
23439,0,0.15963865960576512,0
3987,0,0.10654157195575951,0
22812,0,0.27272495480233816,0
25772,1,0.05635453178651396,0
13685,0,0.263449871304186,0
10484,0,0.07077736983131508,0
15828,0,0.08901535003160896,0
5383,0,0.09825660859601688,0
8673,0,0.1177197417543584,0
20680,0,0.30884332551679544,0
22933,0,0.11237393720994605,0
8049,1,0.7745773285897083,1
3143,0,0.10507328897525399,0
13951,0,0.16574990206592108,0
27964,1,0.11576528028280121,0
521,0,0.1420865424555842,0
386,0,0.14585628112096732,0
12112,0,0.0696022063573242,0
28357,0,0.09622896099930504,0
27607,1,0.10678705051864848,0
28371,0,0.30726885163616086,0
7543,1,0.31341485955980475,0
18579,0,0.07356164522442774,0
12429,0,0.10650700809642095,0
20223,0,0.1244268909315648,0
2450,1,0.3546316701260352,0
27984,1,0.30635269957759004,0
7105,0,0.061276485251901686,0
25438,0,0.084518605624673,0
439,0,0.11835811422521339,0
27132,1,0.30884332551679544,0
5930,0,0.1492019252279701,0
169,0,0.18339169918158332,0
26981,0,0.1440460792022172,0
6356,0,0.1959234578268337,0
3979,0,0.1282791008574564,0
24610,0,0.10113930619478,0
21233,1,0.33725716700266084,0
26761,0,0.08630313993477413,0
3610,0,0.09227894176796266,0
9354,0,0.14502617277574528,0
9125,1,0.07796567281643077,0
4697,0,0.13291691839640532,0
24900,1,0.6796836480157302,1
28184,0,0.1406934589197705,0
24685,1,0.6094439066259416,1
682,0,0.1972127048401109,0
12640,0,0.20541606258917244,0
28877,0,0.12815017860984093,0
6015,1,0.2456196307493656,0
8576,0,0.3546316701260352,0
27195,0,0.10484959774004132,0
2136,0,0.12015819127650702,0
13367,0,0.1210085928694126,0
7306,0,0.11741915566008351,0
16412,0,0.11027151910858134,0
29098,0,0.08872533349485928,0
17560,0,0.1761705025292007,0
15268,0,0.4845133176155151,0
460,1,0.1384055502059857,0
25569,0,0.1003759787637504,0
6170,1,0.30884332551679544,0
15742,0,0.13978304225929983,0
4372,0,0.09235809636669651,0
28057,0,0.4047811139832447,0
8338,0,0.8048076063284672,1
24438,0,0.08852320580215668,0
12036,0,0.8769265713124327,1
21898,0,0.0902949967380194,0
13727,0,0.12754341336641847,0
29836,0,0.12169033949008261,0
14045,1,0.40429143219343766,0
1202,0,0.12878873827103182,0
21383,0,0.15456430588600165,0
22407,0,0.07677727344435482,0
13167,0,0.22584609152362803,0
24664,1,0.24606526130287001,0
13726,0,0.1277257167276539,0
2663,0,0.12091616287179788,0
18948,0,0.19725581771164447,0
10283,0,0.07934128668064123,0
1979,0,0.11357666631793334,0
7242,0,0.10926185060896117,0
12668,1,0.07756920162609539,0
20801,0,0.11059701922690848,0
20676,1,0.7738926587451553,1
7303,0,0.09370194047972204,0
17164,0,0.14369329430245467,0
28589,0,0.3034816621291309,0
8558,0,0.060614073675806894,0
7892,0,0.11256572535011049,0
11867,0,0.06969726558795707,0
19245,0,0.4087853293483727,0
1941,0,0.14310401344486598,0
28181,0,0.13837598090522793,0
2529,0,0.30884332551679544,0
2421,0,0.5122882598603892,1
8375,0,0.1944875391583712,0
16016,0,0.12832428245940872,0
4107,0,0.06486730759730218,0
13782,0,0.12191652464905635,0
10646,1,0.1525078059371856,0
29368,0,0.10123471206125702,0
12228,0,0.061924058572020636,0
13759,0,0.07961057648462452,0
5394,0,0.14889282005874901,0
4195,0,0.1360675189896205,0
1076,0,0.09956315208123412,0
22320,0,0.30884332551679544,0
17671,0,0.09497169121756467,0
7556,1,0.544008522326727,1
17839,1,0.1660001195345696,0
1398,0,0.13245753191801224,0
29245,0,0.13574751859890952,0
19350,0,0.12567509978849886,0
17711,0,0.6357626147673425,1
28480,0,0.13507653670167177,0
23179,0,0.22492924210898357,0
14496,0,0.06102104812078405,0
10964,1,0.7802724183710791,1
837,0,0.8088455644738485,1
11057,1,0.10284362872795125,0
24144,0,0.15249932029833638,0
14294,1,0.3546316701260352,0
17084,0,0.5555906766820968,1
27977,0,0.0932904582404477,0
2021,0,0.15521341489099885,0
22118,0,0.08710152404120977,0
18901,0,0.22679768564669545,0
14396,0,0.12855097858043685,0
24380,0,0.12654600427828083,0
6919,0,0.10974082713957037,0
23983,0,0.16472363491427242,0
9535,0,0.07321158727312124,0
15984,1,0.7341451353219323,1
16829,0,0.07917066713322185,0
27394,1,0.6099441856356416,1
20651,0,0.11295922018019092,0
26561,0,0.7738691587806279,1
21705,0,0.1149098442596373,0
134,0,0.13955103986754133,0
1335,1,0.1257370567278259,0
24056,0,0.3546316701260352,0
6780,0,0.12998777422888516,0
8,0,0.1873163641164416,0
4706,0,0.17302119416772002,0
6673,0,0.15743144130634742,0
26462,0,0.10241925731668475,0
18507,0,0.14277585954672195,0
24562,0,0.10290457442339722,0
10546,0,0.36708808114602776,0
22536,0,0.1224891828644434,0
29611,0,0.097418884065209,0
20227,0,0.7284708461485222,1
4716,0,0.06447213832054255,0
9427,0,0.2021911374568825,0
5182,0,0.11289415548504998,0
21615,0,0.08544233215419451,0
23423,0,0.2661492139564879,0
12525,0,0.6703271288381921,1
12695,0,0.634816600809666,1
18113,0,0.09361251587029364,0
4086,0,0.09384939896603454,0
24041,0,0.09583781314367848,0
25911,0,0.07262077408184407,0
4294,0,0.08310791998967534,0
25556,0,0.34400743043029186,0
27184,0,0.08220827468831032,0
4224,0,0.06672200608713381,0
16742,0,0.16021776357506215,0
23981,0,0.07081331022909104,0
13463,0,0.12486535854677604,0
19049,0,0.08871220074639549,0
12830,1,0.09763003010263402,0
7095,1,0.1462598475900255,0
8857,1,0.7838886921803211,1
5585,0,0.1875188895275961,0
8283,0,0.0913949539697135,0
23818,1,0.13920622751993186,0
13362,0,0.09418829558995535,0
5054,0,0.08321917589038738,0
4069,1,0.14247181526647645,0
24494,0,0.3243491320272724,0
28393,0,0.29754233142442926,0
965,0,0.10278742342689982,0
17396,0,0.7802054486425718,1
15298,0,0.1064914629499245,0
25533,0,0.8240059051424429,1
27942,0,0.08713765236334346,0
13917,1,0.12529083098757027,0
14581,0,0.0905129634607247,0
22312,0,0.10675500549869747,0
9300,0,0.22304960745997238,0
25738,0,0.12895525168566646,0
11799,0,0.10086096507054983,0
20459,0,0.19694673865862222,0
23154,0,0.08973403543056574,0
20262,0,0.06975227552512035,0
9619,0,0.14794232930325615,0
13327,1,0.12405955142187608,0
10126,0,0.1513782143634935,0
2174,0,0.08361253229731362,0
26817,0,0.14761323003966959,0
27850,0,0.5984889521056713,1
14069,0,0.07894184917080824,0
15323,0,0.21262275281768622,0
7224,0,0.3458311069012051,0
8511,0,0.09497065811628999,0
8055,0,0.14256370743557611,0
23373,0,0.0660019778723768,0
5049,1,0.7351018099510638,1
7092,1,0.2874020111271834,0
18289,0,0.10531191896871168,0
9708,1,0.10409361610480282,0
22121,0,0.1694851553959912,0
28043,0,0.24887367020867554,0
14119,0,0.12040140775307073,0
14269,0,0.34715381151964386,0
3439,0,0.09640306752044812,0
104,1,0.14587138878747868,0
26336,1,0.07847082814902123,0
29530,0,0.1253853460235215,0
24433,0,0.11604090557271211,0
4212,0,0.12232253575389145,0
27781,0,0.09144834289853568,0
25107,0,0.1625685999168106,0
19035,0,0.1419016054503468,0
14939,0,0.0973890992915294,0
829,0,0.15334565477247034,0
9654,0,0.22296964760308047,0
20908,0,0.097019847359652,0
23375,0,0.11126117936082768,0
5212,0,0.5218691983083253,1
15610,0,0.17083214099410715,0
22290,1,0.2265852282710329,0
27983,0,0.08964891191524577,0
29713,0,0.07705666614999336,0
19203,0,0.09655007438878498,0
29150,0,0.6024276120763583,1
2435,1,0.7011286289363765,1
24546,0,0.053011646570751615,0
23888,0,0.16682355328689638,0
22412,1,0.1452601101497642,0
7909,0,0.08024924825211517,0
17367,0,0.24715218410404238,0
11748,0,0.08737297513269518,0
13070,0,0.08592286582863523,0
15945,0,0.08754458486363018,0
20079,0,0.20363896910781937,0
26142,0,0.06877972744619414,0
3367,0,0.28768610510575665,0
16462,1,0.7639225519665157,1
19572,0,0.18784474229756154,0
21531,1,0.7496870002780832,1
20966,0,0.07569974920729709,0
17606,0,0.14352168075091312,0
13060,0,0.616052808947842,1
10830,0,0.10640748466225602,0
26369,0,0.14230087642556435,0
8616,0,0.40505855644769767,0
24917,1,0.09221725717295069,0
26337,0,0.12749632068279412,0
15312,0,0.22950494878809152,0
14657,0,0.13901856320129696,0
4880,1,0.11614791260269103,0
12069,1,0.24675156055027347,0
9090,1,0.6792078094590107,1
4203,0,0.20284538726238527,0
27745,0,0.1048931491206323,0
25083,0,0.09489757733809746,0
25475,0,0.09467075584804348,0
8374,0,0.34608895459812544,0
25903,0,0.1893022374870625,0
18227,0,0.1381466499383167,0
15467,0,0.6693561186402477,1
13020,0,0.1350207719060732,0
2031,0,0.13388331059725264,0
19621,0,0.10282591609470156,0
10176,0,0.1431968067510499,0
6380,1,0.668456666050284,1
5175,0,0.09758027595547347,0
28488,0,0.20326822731742986,0
23582,1,0.5531913289370801,1
12609,1,0.2518202371326118,0
28183,1,0.0683031845092301,0
13821,0,0.14378463284077606,0
2226,1,0.1332363523879311,0
21025,0,0.09041867661049938,0
25278,0,0.10395662797205103,0
22873,0,0.2641955661922745,0
21819,1,0.10087699955601316,0
29654,0,0.1375672223540638,0
16650,1,0.5058178856638821,1
14785,0,0.12502932883648352,0
26794,0,0.06830310431317707,0
19744,0,0.0987113440228813,0
3329,0,0.0971660887144221,0
11568,0,0.06485990801062419,0
22061,0,0.7707261499134664,1
19076,0,0.38827086344753065,0
12861,0,0.12207874733564386,0
12385,1,0.2623222440478903,0
18963,0,0.0903787065357749,0
29630,0,0.10202522826222779,0
27439,0,0.045416463712484555,0
4044,1,0.22868971681384814,0
11681,0,0.1033372930140204,0
16633,0,0.2580631647881351,0
8901,0,0.18524302027271475,0
20008,0,0.21046506225059994,0
24668,0,0.0850093666343122,0
479,0,0.37439946221811504,0
22826,1,0.3546316701260352,0
18569,0,0.110243147527937,0
3462,0,0.3259912845940792,0
22884,0,0.1063675593027181,0
26911,0,0.506339235159908,1
6092,0,0.1615003516458139,0
14763,0,0.09263372971935369,0
20141,1,0.5085483365405755,1
15376,0,0.10304580856637051,0
20116,0,0.07442603720683087,0
22036,0,0.08710072582964663,0
29355,1,0.34417194272671636,0
25167,0,0.13726748278765855,0
13925,0,0.06797867855314851,0
7586,0,0.10741370779647376,0
648,0,0.09423629912891845,0
971,1,0.07738883902203486,0
4259,0,0.10543721256602404,0
15969,0,0.13928488504846778,0
7699,0,0.08800167440026074,0
20600,0,0.10751612162376895,0
19359,0,0.7315246642609015,1
20197,0,0.09496163094597622,0
29776,0,0.43890503275701825,0
22024,0,0.1658091479179966,0
24696,0,0.11374098131643098,0
22379,0,0.09714816503074167,0
1010,0,0.1423871211809528,0
7925,0,0.09633170071872107,0
15447,0,0.12544118631508355,0
4307,0,0.12646606665753823,0
29838,0,0.17270975189043583,0
4016,1,0.571250236881096,1
4102,0,0.12178388434045674,0
14015,0,0.10747276623725296,0
12095,0,0.12867759344276034,0
18494,0,0.159728252940293,0
3227,0,0.07863355706922336,0
327,1,0.4191555306237585,0
14013,0,0.20163194352115993,0
19987,0,0.0767736329474046,0
26674,0,0.33057215768051973,0
11929,0,0.14805246291512264,0
4991,0,0.2853847581714948,0
29456,0,0.4753168017447599,0
10325,0,0.09156964424890203,0
6613,0,0.2635464202230427,0
9268,0,0.11675899360985063,0
19850,0,0.12373795771379521,0
2195,0,0.139659446962375,0
4746,0,0.5270602362076175,1
23303,0,0.12588754314589856,0
10550,1,0.11375463730389457,0
29582,0,0.09365567787533363,0
8868,1,0.5944521535262041,1
28953,0,0.06888546075053338,0
7091,0,0.08022743470364692,0
25452,0,0.16100954975339732,0
23861,0,0.11964695274819753,0
21199,1,0.727098458866972,1
4775,1,0.8367363739392779,1
25448,0,0.14107837218538316,0
18872,0,0.09123682980471949,0
15622,0,0.09170228501423937,0
23241,0,0.09803884311395279,0
28438,0,0.12790986116794095,0
29024,0,0.09308595732615904,0
20624,0,0.16264622532155626,0
6400,1,0.5981628243180903,1
5118,1,0.12787647126438423,0
18399,0,0.07626996901398245,0
23574,0,0.10533454440730393,0
16306,1,0.46562590177526636,0
16724,0,0.10354656668011562,0
20379,0,0.4000844471146965,0
17768,0,0.10869179946796376,0
21490,0,0.18172686049692502,0
17468,0,0.093886388104134,0
2749,1,0.09868391890217572,0
13352,0,0.15908551409441288,0
8404,0,0.06460936727637553,0
24131,0,0.46556295904098843,0
14476,0,0.08563933249449482,0
1007,0,0.16289310790263717,0
5562,1,0.14686826358656724,0
21136,1,0.1393128490661443,0
3943,0,0.6084601799799393,1
26798,0,0.1481232889704569,0
10824,0,0.15204488374863204,0
20536,0,0.0811623506526686,0
11196,0,0.1659889452984295,0
18907,0,0.10835561131997551,0
12826,0,0.43521112444326243,0
7179,0,0.13769279761854888,0
27383,0,0.10468594707970383,0
11267,1,0.7112499604806045,1
23236,1,0.08774678264469332,0
135,0,0.1411247076766411,0
26805,0,0.1514121109620685,0
19314,0,0.07320787203388933,0
19141,0,0.08007519594657175,0
16592,0,0.37533899723070724,0
3352,0,0.1626059639958428,0
21333,0,0.08454654495825849,0
3201,1,0.15664929306073888,0
11599,0,0.07652005601670765,0
13749,0,0.09982137450314553,0
24111,0,0.20493670623652277,0
10905,0,0.16195588007174874,0
10357,0,0.5895243043305896,1
6803,0,0.1102488700051479,0
7740,0,0.0962293728943569,0
22308,0,0.18937192718752505,0
27336,0,0.13334127934959836,0
29064,0,0.10451736605280348,0
28065,0,0.08522272030359489,0
317,0,0.09636942335853141,0
147,1,0.1453276168077903,0
9805,0,0.08702078943185543,0
21266,0,0.35923658364334043,0
14792,1,0.4208807611782507,0
17783,0,0.12446595530850173,0
25955,0,0.16987688718003344,0
5804,0,0.0961541113546888,0
10099,1,0.6210755307184246,1
26672,0,0.09690235907297019,0
9407,1,0.1495982157873234,0
9296,1,0.4197801502113765,0
9667,0,0.09014279398530917,0
6342,0,0.5643796550791857,1
16145,0,0.08654032804603838,0
8605,0,0.1087938652642978,0
25350,0,0.15789604198986706,0
820,0,0.06759488783103616,0
4464,0,0.09172128360063841,0
10261,0,0.08350160105208518,0
9659,0,0.27132172319902526,0
3487,0,0.13847728928606678,0
10558,0,0.13209043638853404,0
25994,0,0.2551159159522949,0
24892,0,0.08415705653171428,0
8689,0,0.08844075238049465,0
24253,1,0.5727961621726025,1
14604,0,0.12295714161783648,0
7221,0,0.09150300009988271,0
3112,0,0.11686815064075554,0
8518,0,0.06031267314175698,0
18007,0,0.08504005314543715,0
17985,0,0.11811362941086133,0
8141,0,0.16760019077816793,0
21079,0,0.14790081532534902,0
19018,0,0.14307086799743096,0
14198,0,0.14239170514580096,0
2496,0,0.1572585396845904,0
16607,0,0.16016054313375278,0
14316,0,0.10065954907510251,0
5941,0,0.09962659476856027,0
8189,0,0.2738125256500312,0
2506,0,0.33070372682697685,0
23302,0,0.7652477754546257,1
23531,0,0.06896677503947926,0
23379,0,0.11578853666152517,0
9164,0,0.13670216752623568,0
23826,0,0.6158146027013636,1
16114,0,0.09355353024963733,0
13182,0,0.1474237468633371,0
12901,1,0.3546316701260352,0
22173,0,0.1015582233349071,0
25298,0,0.09876867864478454,0
21554,0,0.13914276085422075,0
27054,1,0.8147640678279241,1
15818,0,0.08139950362404806,0
25760,0,0.08908645648705331,0
21059,0,0.0673514124064238,0
14866,1,0.14720529246046948,0
11217,0,0.25582098573126205,0
1012,0,0.2773137954177086,0
15954,0,0.1881508343602963,0
14062,0,0.052876660670202434,0
17876,0,0.07303084963524192,0
8644,0,0.0917569382130349,0
1035,0,0.37968813828713804,0
6888,0,0.15122368548318157,0
2271,0,0.11521497587514412,0
697,0,0.13543326220089313,0
21299,0,0.07621623951243721,0
11230,1,0.14924823404590834,0
3705,1,0.1259303983634599,0
12025,1,0.7583670367925194,1
23802,0,0.1402217348076672,0
1452,1,0.17127445608224107,0
15398,0,0.11609878810047922,0
9827,1,0.10148638915556624,0
7498,0,0.1577705438241733,0
2791,1,0.14466385786564934,0
9126,0,0.10059392419515316,0
3306,0,0.09670965634309255,0
5517,0,0.634098345872024,1
18751,0,0.09178076509052578,0
27376,1,0.1480189483973049,0
12903,0,0.11764800289124361,0
23164,0,0.07811739894136688,0
13757,0,0.15473120786079617,0
28031,1,0.12103301018373198,0
27375,1,0.15250303502600718,0
9740,0,0.1975324566158161,0
10348,1,0.21984885067247234,0
28125,0,0.18791352932629277,0
25320,0,0.08739670900212375,0
22660,0,0.10052189806182277,0
12462,0,0.23591240942976474,0
15556,1,0.7176426772193909,1
1889,0,0.39809504013704233,0
22155,0,0.30084897487189793,0
22398,0,0.21937978007295253,0
9850,0,0.1321354192194535,0
5551,0,0.0904478607812696,0
27274,1,0.22060570020697645,0
19931,0,0.12210157942799643,0
25382,1,0.6702711292543482,1
5686,0,0.10296206158395961,0
1414,0,0.06842213850602179,0
20963,1,0.44477791744370987,0
1563,0,0.085371470889115,0
7347,0,0.18015352784415894,0
25819,0,0.1492821225707799,0
4685,0,0.3546316701260352,0
26580,0,0.7741170134644056,1
8140,1,0.4956488863447175,0
5260,0,0.09547701066250652,0
29216,0,0.12967904465011074,0
3624,1,0.09831055122589621,0
12755,0,0.09210496822311125,0
16096,0,0.47339056912224164,0
24424,0,0.6930123207220634,1
19738,0,0.5801693265616616,1
181,0,0.17698142705500985,0
17665,0,0.07796005848072776,0
27829,0,0.0679128179947713,0
18209,0,0.1400635356826225,0
22243,0,0.06059894297042416,0
13745,1,0.5980539145383127,1
5590,0,0.14051151627384073,0
470,0,0.11136382463530349,0
29080,0,0.26423679840687364,0
29534,0,0.3261513479889807,0
2167,0,0.07712970595052754,0
1028,0,0.05599057299758637,0
11181,0,0.6350168097353424,1
8571,0,0.14149199514763888,0
1424,0,0.3546316701260352,0
14862,1,0.8981656681916368,1
18693,1,0.2513532502884355,0
13322,0,0.09412630642644454,0
6913,0,0.17718948777952337,0
8394,0,0.30884332551679544,0
18237,0,0.10714378188891173,0
10229,0,0.1277054964692678,0
29578,1,0.2631981764049517,0
22953,0,0.1313786357618944,0
13794,0,0.09336166904475456,0
1193,1,0.11741798868652735,0
26361,0,0.08017674168457722,0
22662,0,0.30884332551679544,0
23644,0,0.06681789665448967,0
28280,0,0.1714619343850464,0
5881,0,0.11915916355317659,0
4158,0,0.08325403583233866,0
2560,0,0.2836124818006588,0
13366,0,0.22367003851889425,0
22856,1,0.3483244971063494,0
26136,0,0.12130821059441715,0
17584,1,0.09206118614361225,0
3735,0,0.13863029124643067,0
13828,0,0.10837235465298363,0
17391,0,0.3546316701260352,0
18600,0,0.08044663574856373,0
29557,1,0.7146100240966582,1
22774,1,0.15925495167159517,0
3861,0,0.10994931604912277,0
5880,0,0.14494498069886771,0
27070,0,0.06824182949229546,0
22112,1,0.5772130639197054,1
2605,0,0.12430378498453688,0
22372,0,0.1703314287153699,0
5103,0,0.3546316701260352,0
13600,0,0.1266347674269329,0
1298,0,0.09414814079799863,0
13573,0,0.19995490479061076,0
21204,1,0.446274545049757,0
636,0,0.2206104803549845,0
9441,0,0.3051116595337614,0
24812,0,0.0997756920311949,0
11946,0,0.227415781534042,0
22864,0,0.08854053691182355,0
7192,0,0.14354768993664022,0
7475,1,0.6957832559000394,1
29606,0,0.2752645966728425,0
19351,1,0.7671407602970194,1
21405,0,0.1280061339897809,0
4860,0,0.08206900892542564,0
15068,0,0.14122866256150104,0
20136,0,0.13718816779314819,0
12163,1,0.8125742374363426,1
7439,0,0.14933795540830888,0
11840,0,0.09357657767091006,0
25024,0,0.1331725706759795,0
11021,0,0.13651475070279864,0
27532,0,0.09695465007113793,0
7307,0,0.10421316414832951,0
13221,0,0.14388934156564642,0
4060,0,0.14171496496078126,0
23899,1,0.5202213698720949,1
15020,0,0.0774342195745476,0
23383,0,0.30884332551679544,0
3127,0,0.7859305402765764,1
16359,0,0.1472906296646982,0
11818,0,0.6763214143905649,1
9646,0,0.12284795087323047,0
8341,1,0.4957657310169638,0
24538,0,0.1222399837868766,0
30,0,0.15438012394345937,0
18832,0,0.13443533516752126,0
18748,0,0.46076615023726264,0
15975,0,0.09801023157481527,0
12865,0,0.1437884343266554,0
21188,0,0.08670719005317963,0
3363,0,0.16949424854830578,0
11125,0,0.18103720687552433,0
19981,0,0.08668939370935984,0
9041,1,0.40810165734769266,0
3669,0,0.29908587914339757,0
10821,0,0.08801164208061298,0
26701,1,0.08485483716305765,0
4346,0,0.12632514178925963,0
19505,0,0.17815928285427193,0
2645,1,0.3915935827992311,0
18281,0,0.35593193933874284,0
29751,0,0.15292066218564276,0
1870,1,0.7749593626019103,1
25758,0,0.0923162493565211,0
961,1,0.39165126227905295,0
985,0,0.11376342836306741,0
25064,1,0.14660242706890642,0
6435,0,0.535866909740087,1
27552,0,0.1292792770234528,0
29892,0,0.11766562767229997,0
19320,1,0.0936920027627761,0
24656,1,0.09768228793397993,0
13001,1,0.35665658457648347,0
26155,0,0.31667336155142095,0
28929,0,0.11507894236060066,0
13252,0,0.12317755980175446,0
13417,0,0.05190130611383416,0
15383,0,0.33951177847861563,0
21157,0,0.443631868736079,0
28766,0,0.09175124611361475,0
24011,0,0.09490543328959757,0
16796,0,0.0937817322439421,0
4388,1,0.4845749103355915,0
7672,0,0.270922570568648,0
9150,0,0.08253798928288289,0
13583,0,0.09962395224103691,0
2982,0,0.2619864523767335,0
3203,0,0.08846628136192387,0
20229,0,0.1297112375933572,0
25224,0,0.547482939167092,1
15632,0,0.09144160839293408,0
14361,0,0.26084186393013215,0
8478,0,0.131782054505335,0
1260,0,0.5883149175157276,1
10464,0,0.08806996416599834,0
8945,1,0.6490264768299923,1
12514,0,0.17284037818643117,0
5730,0,0.23153333889624406,0
11747,0,0.09625077385436702,0
11082,0,0.13023132494367404,0
12934,0,0.06687064843246937,0
15627,0,0.4356983321105411,0
29332,0,0.08895245576467349,0
15731,0,0.29766941519295753,0
12094,0,0.8083475727235835,1
10470,0,0.11105871109044843,0
5195,0,0.06276968480614308,0
4058,0,0.15915398131468708,0
22095,1,0.8232435737326824,1
9686,0,0.07726789288791673,0
9160,0,0.08715224625685682,0
28164,0,0.4491310855296581,0
7162,1,0.11189814641816649,0
20210,0,0.31260638576842475,0
16431,0,0.10046098777444212,0
16770,0,0.1658142867310035,0
22375,1,0.41864110962118917,0
22720,0,0.12762314465427319,0
16952,0,0.08300329093173577,0
14638,1,0.7038817752109323,1
25015,1,0.1236375473157376,0
1430,0,0.0815412425767736,0
17621,0,0.10757988302632551,0
12190,0,0.09263841098925452,0
25641,0,0.12917914396360738,0
26379,1,0.7809499445724665,1
3503,0,0.08841844556047233,0
5515,0,0.1237209582396164,0
9871,1,0.697777947639904,1
27222,1,0.6100347169520248,1
1564,0,0.3184624514227011,0
21318,1,0.7385491010169051,1
24366,0,0.1358002464993369,0
6984,0,0.20049167810360705,0
4401,0,0.30884332551679544,0
8693,0,0.09830727671410107,0
27893,0,0.07430814498687305,0
12726,0,0.053193575923005144,0
17528,0,0.07834117876487459,0
28961,0,0.10620030034227897,0
12292,0,0.16193032248336048,0
28128,0,0.3040724107287338,0
25565,0,0.08237074162979054,0
1612,0,0.07344969290296383,0
27932,0,0.12650385172416534,0
15698,0,0.1178974909736996,0
8345,0,0.07738217924685575,0
15072,1,0.3007030483126006,0
18117,1,0.7758200668606233,1
10743,0,0.0821001762117564,0
8120,0,0.09771135990254105,0
24067,0,0.13809392928897238,0
14429,1,0.8712512686364455,1
16737,0,0.09323089513072176,0
9274,0,0.07464320298768262,0
12518,0,0.30884332551679544,0
17404,0,0.17925400491570653,0
1515,0,0.1474544207471492,0
9754,0,0.09003578866525126,0
20942,0,0.11980661030432893,0
4011,0,0.09070636763599396,0
18553,1,0.09814633597407915,0
140,0,0.13099073632739988,0
29541,1,0.16292584823268424,0
10317,1,0.4554627614689769,0
26829,0,0.14852639883261992,0
12536,0,0.3544491318452924,0
19974,0,0.125378538128891,0
29222,0,0.1495025391763192,0
2255,0,0.14790628592221952,0
17395,0,0.16621871387366352,0
18941,0,0.08875711537546495,0
26979,0,0.6660807231536761,1
23700,0,0.23445095332080224,0
6505,0,0.06150920610473372,0
23999,0,0.13395111274416419,0
25626,0,0.09797293671897692,0
8881,0,0.17077739153187094,0
19347,1,0.37387080228104985,0
3419,0,0.5804445765286078,1
5688,0,0.07294843729600148,0
27972,1,0.2999511921358402,0
20416,0,0.36531953099651365,0
25573,1,0.06444454699533032,0
17240,1,0.9626803972195854,1
21298,0,0.35792825925562366,0
13083,1,0.10583156499966569,0
4825,0,0.09296380343267352,0
3687,0,0.7298532336086195,1
7758,0,0.10747007094465913,0
19834,0,0.08180076247202382,0
10194,0,0.1269152766206069,0
20466,0,0.2635118426988114,0
2291,0,0.4786757522807452,0
4473,1,0.09353142786478585,0
5479,0,0.10169559089897356,0
19208,0,0.08527732253800353,0
17312,1,0.24458237380711004,0
24924,0,0.07511608387469913,0
10625,1,0.18274799887107432,0
27339,0,0.07678133783383428,0
27905,0,0.1740442396559116,0
4154,0,0.06709969389931919,0
29325,0,0.11437285105759468,0
209,1,0.0898855367635268,0
29621,0,0.6193879704301695,1
12796,0,0.0963350556446621,0
15685,0,0.08534214513407386,0
23058,0,0.09513287745246903,0
2606,0,0.12957517038130478,0
14144,1,0.5938756694175444,1
2588,0,0.20233043218063718,0
6663,1,0.17654003982624109,0
18495,0,0.12769715188554515,0
13409,0,0.05476918577820256,0
16163,1,0.618715874053681,1
28749,1,0.7154755017940212,1
11039,0,0.08055158338912491,0
22461,0,0.12363910825446635,0
24672,0,0.3342018324677439,0
13268,0,0.13723458154902046,0
27202,0,0.10019405245737065,0
2871,0,0.15908551409441288,0
21435,0,0.15160454362851053,0
7572,0,0.09942796213651807,0
22443,1,0.15628340783854194,0
10291,0,0.12293837134400726,0
27023,0,0.1025468338674275,0
20913,0,0.30884332551679544,0
21048,0,0.12026245744289636,0
2906,0,0.21162004338454257,0
22947,1,0.1334800140498234,0
2703,0,0.12647404251226466,0
6073,1,0.3096530730885776,0
24138,0,0.08386760155007521,0
22676,0,0.09811900925777353,0
2352,0,0.13408770185365396,0
12362,0,0.5392583504829336,1
11643,0,0.25444122356861926,0
16493,0,0.1275583380119773,0
12115,0,0.13479179585530704,0
1752,1,0.8712512686364455,1
2300,0,0.17751824513073244,0
14273,1,0.26923300468960915,0
5776,0,0.12309640826916829,0
14186,0,0.14889110061483968,0
7629,1,0.593806704938506,1
12023,0,0.2776787992322081,0
17478,1,0.5740210587478565,1
15377,0,0.09886038967887374,0
16923,1,0.34967088852799144,0
24552,1,0.09724060034449143,0
1641,0,0.15278784956337518,0
15444,1,0.41929289532615355,0
24369,0,0.30884332551679544,0
15551,0,0.7314768972541108,1
2493,0,0.15344787908346869,0
24608,0,0.6340730051383658,1
5318,1,0.21821575462870682,0
22495,1,0.7802790101566403,1
16986,0,0.12042838208011453,0
28621,0,0.12392459038323776,0
12785,1,0.14850827732164254,0
29880,0,0.14956960753170062,0
6721,0,0.13057301098072163,0
6281,0,0.17099124142837432,0
22355,0,0.08465791342336203,0
17098,0,0.11119534104032057,0
20091,1,0.16100788427738444,0
20808,1,0.12753979484844977,0
20972,0,0.12703381893922683,0
20949,0,0.16206492155801722,0
19340,0,0.14843274411131124,0
19753,1,0.38159562832726057,0
26687,0,0.5739818504659,1
5033,0,0.13138212243647923,0
26516,0,0.12051016219297088,0
3111,0,0.08424776683252089,0
17680,0,0.07575768414755112,0
13982,0,0.15133071595591235,0
23654,0,0.11576087846624974,0
25619,0,0.07973888178772358,0
11810,0,0.1340091292720723,0
22323,0,0.12111632131864346,0
6804,0,0.15168659048312916,0
23108,0,0.08888075616784091,0
25676,0,0.30884332551679544,0
6443,0,0.19674903480292158,0
24836,0,0.24511773786392804,0
25354,0,0.3706125448677045,0
29921,1,0.5771283403239533,1
2211,0,0.18923177973440683,0
14145,1,0.6897748419234747,1
23109,0,0.12395384397721014,0
25704,0,0.15764074527408603,0
29172,0,0.1339324854390197,0
21754,0,0.08285904029473802,0
252,0,0.10428379746715284,0
22942,0,0.13633252376195867,0
619,0,0.10505762638675031,0
17091,0,0.08605888214766363,0
6363,0,0.421490656338818,0
24681,0,0.13158710412364838,0
28330,0,0.09924641602820806,0
15875,0,0.13825513538805664,0
22654,0,0.07721468571286551,0
25722,1,0.07507611964951337,0
21404,0,0.1964289987926424,0
8766,1,0.43063802552887837,0
19012,1,0.6428625079820978,1
29153,1,0.2491664332488984,0
8271,0,0.07370759564164996,0
18489,0,0.1001717296423555,0
8337,0,0.08718944327758069,0
5404,0,0.0802879749141944,0
12730,1,0.09646438383364381,0
1475,1,0.07814231502138169,0
10541,0,0.12246048044197623,0
15474,0,0.15242821034778012,0
17935,0,0.11637841115862202,0
13470,0,0.2960754740356968,0
10373,0,0.16275306804769687,0
9071,0,0.12958522513071855,0
1714,0,0.10047490839347896,0
20000,0,0.17755283958016047,0
3996,0,0.2023641863615135,0
466,1,0.10597858032556587,0
20534,0,0.05149585402368318,0
19456,0,0.10343182317915295,0
26408,0,0.1480892238146063,0
709,0,0.26387467095524725,0
22374,0,0.14348437378446957,0
21359,0,0.09475545398673224,0
21070,0,0.12881601604257087,0
7908,0,0.5443081535395019,1
1257,0,0.22509064066337403,0
15706,0,0.10765611447579103,0
4717,0,0.14881470359973192,0
13003,0,0.10270118345823376,0
6419,0,0.14634697014890136,0
24293,0,0.16650363402394078,0
21320,0,0.2789272547379441,0
12348,0,0.14790951882605183,0
23685,0,0.08903420427164889,0
16491,1,0.3401424223848757,0
8294,1,0.82583734423993,1
2555,0,0.15413585795075116,0
11898,0,0.1673764359939421,0
16165,0,0.12394449403271922,0
1339,0,0.15388569769898042,0
27669,1,0.32956438497016466,0
24722,0,0.22559814711121348,0
19127,1,0.6998647278094868,1
25204,0,0.14717845895040546,0
24117,0,0.11837415244598791,0
25020,0,0.13830574621768205,0
5366,1,0.12743022745221083,0
10723,1,0.3458147080788683,0
6677,0,0.17881618503741392,0
23258,0,0.14712659301220232,0
16615,1,0.13573828964783358,0
10340,0,0.09822688240520909,0
18254,0,0.06581939816529464,0
2866,0,0.06686713950957848,0
16976,0,0.14065392395890966,0
21598,0,0.14271655517226642,0
29274,0,0.4705441701343917,0
3837,1,0.2401304518615997,0
29037,0,0.11348155184975318,0
19566,0,0.388415728604802,0
18146,0,0.1639817326037073,0
4123,0,0.137116344097497,0
21093,0,0.10092927765127924,0
684,0,0.07802918312594306,0
16038,0,0.09890953251589009,0
26464,1,0.26295769184060774,0
17682,1,0.19247141716439908,0
1292,0,0.15322142386282545,0
19435,0,0.3546316701260352,0
19576,0,0.09432583768576297,0
15574,0,0.18404929368844652,0
21109,1,0.12459364102419947,0
16799,0,0.5473739451223569,1
14529,0,0.09189908332351983,0
7048,1,0.1828454301902002,0
10371,0,0.13339025795302764,0
25856,0,0.15205942474015186,0
10476,0,0.1816441955818907,0
14465,0,0.10748789585986868,0
19023,0,0.16818477849812052,0
26611,0,0.30884332551679544,0
29931,0,0.5508647469652117,1
29796,0,0.09352170941929876,0
22202,0,0.1679589202051829,0
26553,0,0.0928891038681285,0
18246,0,0.1574184620400487,0
27892,0,0.1450806562704962,0
7349,0,0.14314614685815433,0
25149,0,0.0852334529391111,0
5475,1,0.48668541382394165,0
6761,0,0.16392625823914095,0
9411,0,0.0895868502346055,0
8501,0,0.2096280786672538,0
15354,0,0.4633059341421484,0
8972,1,0.2894322031395996,0
14172,1,0.1178249628812097,0
1384,0,0.05745623813369883,0
15338,0,0.08245305138589937,0
2442,1,0.1833317456913453,0
22033,0,0.06951462151202836,0
22564,0,0.1108538006114607,0
21836,1,0.12960314866452624,0
14882,0,0.3485773577084263,0
20554,0,0.11453859470897325,0
21942,0,0.23239561806064843,0
13541,0,0.17938726707917066,0
24070,0,0.17967541578928029,0
18660,0,0.16748390216170275,0
8100,1,0.08806459327983238,0
27609,0,0.08421613145114204,0
11380,0,0.3546316701260352,0
23187,1,0.19715500906932995,0
16854,1,0.7356706542667493,1
20906,0,0.09271239152551133,0
5526,0,0.10520699973336513,0
21170,0,0.25689773740681554,0
17172,0,0.42420014764622105,0
28919,0,0.25477602287444584,0
432,1,0.1338550958702612,0
11986,0,0.11459731958654254,0
14855,0,0.14648237786681956,0
27679,0,0.08382698409718836,0
2752,0,0.46729918909565415,0
21492,0,0.09492879519002248,0
12452,1,0.16538815384968358,0
6236,0,0.30902814064372286,0
29615,1,0.7601295059254315,1
1867,0,0.1934665908611518,0
9028,0,0.06560263294407402,0
7295,0,0.09087105895135889,0
125,0,0.14954991904046744,0
452,1,0.6195902443056853,1
28297,0,0.11247308017416703,0
1607,1,0.7595788381205689,1
17076,0,0.15150313875228655,0
14970,1,0.14406462956383767,0
23037,0,0.07242676318535234,0
14218,0,0.08124912318642216,0
29198,0,0.17299521897349343,0
14515,0,0.16113330893294672,0
29978,0,0.09104804183196873,0
15886,0,0.6636445569627858,1
6754,1,0.7335673260907104,1
15014,0,0.514254595848054,1
14477,0,0.1755679198131851,0
24436,1,0.24774462946802367,0
25237,0,0.09196389521498594,0
6378,0,0.13229322245878575,0
22874,0,0.0961433746277226,0
8095,0,0.1236561833441771,0
21619,0,0.20870386572643626,0
12291,0,0.11353669092774368,0
19659,0,0.06660434788758654,0
26159,1,0.08795034014717426,0
19201,1,0.7377005932592405,1
24981,0,0.11066320908577783,0
13045,1,0.16090631302630015,0
2082,0,0.10566527237262614,0
15261,0,0.09545006321060548,0
23880,0,0.07939465378265535,0
20052,0,0.07586906273537872,0
18431,0,0.10676446185237408,0
6420,0,0.18491419275189,0
171,0,0.09288565086104429,0
26494,0,0.12331277197284704,0
11045,1,0.3639476638930178,0
13703,0,0.28093000766518783,0
2091,0,0.34070216022830024,0
15237,1,0.5647560189724438,1
8359,0,0.1010390822608145,0
24435,1,0.14454077063757673,0
24657,0,0.6252486571469923,1
7881,1,0.8924493423638853,1
11008,0,0.10036922549375005,0
7470,0,0.08859162877225696,0
24163,0,0.12761085565469218,0
8953,0,0.10578558078849624,0
11400,0,0.09893057622705267,0
10092,1,0.6450655374419421,1
23595,0,0.1515988653156075,0
6499,0,0.12396216639475442,0
27525,0,0.21606060624626233,0
14734,1,0.6825133613896774,1
21577,0,0.11347048650553404,0
17038,0,0.20598393252171704,0
3510,1,0.5968345952171701,1
7641,0,0.08962513482636915,0
25387,0,0.14843771689318888,0
12679,0,0.5202164647587233,1
12931,1,0.49358394676285317,0
22384,0,0.07976577185142322,0
19780,0,0.09215120048951977,0
17519,0,0.09055496245317171,0
5999,0,0.10013406141721058,0
4,0,0.1260122728906753,0
15570,0,0.05107895921465155,0
1633,0,0.11909062229965135,0
18116,0,0.11295396816648136,0
22960,0,0.08460591634772802,0
7570,0,0.08404940558154055,0
17037,0,0.11378808106697394,0
24876,0,0.09993540145805076,0
16446,0,0.10024762415246774,0
27155,1,0.7565310447738541,1
3394,0,0.07762673836250791,0
18761,0,0.1703796400078307,0
467,1,0.09875328414059631,0
10055,0,0.23331709425327624,0
19422,1,0.1455296718471419,0
11910,0,0.13403332317641684,0
29047,0,0.17031339011313767,0
23993,0,0.12348303583344497,0
9808,0,0.14805246291512264,0
19001,0,0.21316682344839596,0
4339,0,0.6108007299352246,1
10581,0,0.06439547657468107,0
17329,0,0.14284164758111212,0
22585,0,0.39375000513380676,0
3629,0,0.09940473283236415,0
7794,0,0.09079246596585688,0
17690,0,0.08374877916800891,0
10207,0,0.12432406343005323,0
22157,0,0.13146883750939958,0
15366,1,0.5989407429320073,1
12158,0,0.36093734602615357,0
5677,0,0.15671282851174576,0
11035,1,0.8074413354440444,1
15915,1,0.30884332551679544,0
28845,0,0.11553433779961036,0
22924,0,0.06796923447181008,0
24229,1,0.4073735714417873,0
8541,0,0.1287660660015975,0
20842,0,0.1541101124984739,0
7093,1,0.1188020674045408,0
27225,1,0.14510205202810972,0
20473,1,0.6481117178889165,1
28677,0,0.0732074178028291,0
8915,0,0.10054493899458361,0
845,0,0.07961739648162232,0
24258,1,0.573874195967068,1
16595,1,0.4359897904273854,0
16497,0,0.1791389624220476,0
10031,0,0.06592874191457318,0
17942,0,0.09905926769867268,0
7666,0,0.09411743254183519,0
6504,0,0.2149730289630366,0
3398,1,0.44758297243417616,0
25367,0,0.09949365336957554,0
1399,0,0.6396331603544209,1
8102,0,0.09856534109634717,0
4218,1,0.5005362089231036,1
28267,0,0.16676431309039635,0
26267,0,0.07521552292612553,0
7482,0,0.28461316293507866,0
10323,0,0.41566967050086584,0
13792,0,0.5005765348721257,1
11509,0,0.1819808083224964,0
16208,0,0.09422545249627952,0
24564,0,0.10042837097732125,0
8933,1,0.4502081021781105,0
796,0,0.09424644308336744,0
8022,1,0.7529272573571488,1
22167,0,0.23756630252909855,0
7923,1,0.2903741885903117,0
19028,0,0.127683854394747,0
23996,0,0.4112600290850071,0
29461,0,0.1608461580762179,0
6747,0,0.1472775770239317,0
25689,0,0.06488616109827947,0
6367,1,0.19777464468690514,0
23295,0,0.12973587699507846,0
28044,0,0.5364493713349492,1
24629,0,0.1346728582254576,0
23159,0,0.6342659484285363,1
20512,1,0.16393313788827565,0
9015,0,0.12413451238005804,0
24914,1,0.4437657233981941,0
19600,0,0.09239153526294402,0
22077,0,0.11325415837726123,0
16418,0,0.10984078783625106,0
10990,0,0.20695348829281685,0
16425,0,0.09943913947680644,0
11118,0,0.14889525089958838,0
24109,0,0.6256698149954368,1
26033,0,0.10545412660294531,0
4336,0,0.28565771073461144,0
13954,0,0.08508542799579132,0
4551,1,0.6774428542183746,1
9898,1,0.1242771915910179,0
3694,0,0.3249214992992264,0
17156,1,0.9092126490464122,1
8194,0,0.08635116154578869,0
27550,1,0.5082068665123086,1
20139,0,0.08307436138576278,0
10330,0,0.6063809336642771,1
21325,0,0.19324960843651462,0
11399,1,0.10110615950561677,0
14976,1,0.16100788427738444,0
4611,0,0.13362789782287637,0
14665,0,0.1571325026137211,0
21194,0,0.12537228442190979,0
21753,0,0.1203177170254048,0
25328,0,0.4203236200564417,0
28729,0,0.12257883141963774,0
8730,0,0.18083431424996654,0
28015,0,0.10206092967399086,0
7651,1,0.15920351962936954,0
4202,0,0.2687768390114712,0
4192,1,0.12661546990871245,0
11813,0,0.06522183214947462,0
11450,0,0.1571444886524689,0
9292,0,0.11787125722970164,0
29980,0,0.30884332551679544,0
8797,1,0.10130548661939309,0
11828,1,0.47717187700898495,0
3785,0,0.14222354711999188,0
9677,0,0.8085722765481976,1
11133,0,0.21666714629686368,0
22559,0,0.12470413736500059,0
9572,0,0.3156597646024584,0
25779,0,0.1693663263367867,0
26545,0,0.09014628430029484,0
22534,0,0.13403769419132908,0
12018,1,0.7773833332572502,1
22691,0,0.6774469746421455,1
26565,0,0.750374973455732,1
6518,0,0.5127247964995056,1
5360,0,0.09515234658451664,0
2910,0,0.18001346257702322,0
14876,0,0.21078293366048592,0
11390,0,0.05754464923267823,0
21832,0,0.19966872194471616,0
3417,0,0.08744466615705654,0
21679,0,0.10673127629291862,0
27164,0,0.8102301391550247,1
28922,0,0.10170140437844609,0
21765,0,0.08381150701470004,0
11179,0,0.15144221014993195,0
14602,0,0.07748937811589846,0
760,0,0.12783639810710523,0
21201,0,0.11377183244292102,0
7103,0,0.08503524970907496,0
24921,0,0.09036034110937903,0
1789,0,0.13315557126159575,0
27546,1,0.09833631956740574,0
26638,0,0.1302303080192072,0
22156,0,0.178623472655115,0
23305,0,0.13029368463580485,0
1351,0,0.3546316701260352,0
14628,0,0.11502271604531578,0
19409,1,0.24762371596245256,0
24390,0,0.09223573906339091,0
8623,0,0.12794190847167758,0
25751,1,0.28049219371219913,0
15992,0,0.41528246342891784,0
19763,0,0.08770928726957886,0
8317,0,0.11639775977301561,0
26714,0,0.12417004514079047,0
27899,0,0.11958613261736951,0
2362,0,0.09875548810808371,0
1403,1,0.13119511491237867,0
25084,0,0.23718252863085595,0
26891,0,0.0758190260089897,0
15082,0,0.08464981182257779,0
12724,0,0.5682023627122441,1
17416,1,0.575431349420403,1
21704,0,0.14065666652227934,0
25642,0,0.06737464504815567,0
6425,0,0.08817459472003927,0
71,0,0.2666471017619505,0
5508,0,0.08394651196510704,0
18365,0,0.1110981379788719,0
27624,1,0.7308511645138084,1
1880,1,0.7437828345599778,1
8289,1,0.12136373706751291,0
21407,1,0.09978122942792533,0
14742,1,0.21153649028104202,0
21156,0,0.11423360737771698,0
26081,0,0.17623522656031562,0
10544,0,0.470725778038471,0
19270,1,0.11638275949031635,0
4559,1,0.08629510956027148,0
18412,0,0.10355162165679008,0
23778,1,0.7760138453600496,1
22480,0,0.4919075588208306,0
5504,0,0.12318958451330636,0
2207,0,0.12399368392844445,0
1810,0,0.05280483514447532,0
24280,0,0.09448530644421192,0
16758,0,0.2554732639730973,0
28140,0,0.07498553492745036,0
28214,0,0.08243622120262596,0
5100,1,0.6920162715064007,1
17055,0,0.18214919506872124,0
29702,1,0.5635228562201002,1
2443,0,0.11841948022336496,0
26269,0,0.12475916861042087,0
13988,0,0.6647660658480053,1
5124,1,0.23308998903812225,0
2221,1,0.1873362851364563,0
6246,0,0.08322583482266044,0
18348,0,0.35930672145845727,0
223,0,0.13451245008625978,0
12138,0,0.1595701512361921,0
656,1,0.0860790903754891,0
17085,0,0.09419167046067603,0
23210,0,0.15673509050558665,0
19683,0,0.08344748659712271,0
9238,0,0.08536964390891547,0
323,0,0.16693582174573252,0
9998,0,0.10195805468987112,0
13785,0,0.11273716207285156,0
7785,1,0.2559213602139922,0
5145,1,0.155267264903069,0
14921,1,0.11391425949278192,0
21934,0,0.13358531095478704,0
9376,1,0.10890483101254744,0
8479,0,0.15827108477093493,0
29710,1,0.3282363305206944,0
17081,0,0.13547478969747004,0
15145,0,0.12469755555403893,0
6011,0,0.24656896047704577,0
13450,0,0.07858669727592651,0
9892,0,0.1262168395991697,0
6456,0,0.5407052681219172,1
5732,0,0.2780697898188588,0
370,1,0.652645681528443,1
20849,0,0.22470568302554864,0
22821,0,0.10997560823467185,0
4122,0,0.14844811739886057,0
23950,1,0.5959504150100932,1
8242,1,0.6163595613177963,1
16074,0,0.10941957268457307,0
25657,0,0.08718068839256488,0
22415,1,0.5262748226583942,1
9087,0,0.10062554396290727,0
26949,0,0.10655179203698932,0
1132,0,0.1393109491342999,0
2266,1,0.12967428496317976,0
6138,1,0.34479509584597023,0
28834,0,0.18570817007574905,0
5307,0,0.1281335781512575,0
374,0,0.11727680446404708,0
4529,0,0.4747493129933239,0
9470,0,0.1066163730892165,0
22365,0,0.09743810532588366,0
10647,0,0.25370664944704463,0
25918,0,0.11502355252736007,0
26314,1,0.7376596128259822,1
8648,0,0.09899157722567276,0
14305,0,0.08524748900710115,0
20763,0,0.09584061127413694,0
28820,0,0.16138861055795953,0
5639,0,0.370209312174599,0
2076,0,0.3814699846062494,0
14433,0,0.06593662644003877,0
21472,0,0.0753765577834084,0
27520,0,0.0967670629611672,0
5964,0,0.5689955148740774,1
27736,0,0.12513971630396495,0
2917,0,0.569395702896383,1
12217,1,0.735379491937658,1
1419,0,0.09978402762830677,0
13216,0,0.08625092057444754,0
12940,0,0.07449125005183545,0
11680,0,0.049118868230220034,0
16840,1,0.24607302946984863,0
26520,0,0.3078410955279152,0
9921,0,0.5252652485448561,1
27566,0,0.24097223511916038,0
25051,1,0.083459344098252,0
18207,0,0.18786707525821075,0
28346,0,0.13555047949795107,0
116,1,0.5568814185387783,1
10036,0,0.10038280394822376,0
20500,0,0.0955185747508896,0
24706,0,0.14345231994401234,0
22178,1,0.16961338971755752,0
21402,1,0.7535268821061196,1
17555,0,0.19677521039031032,0
22281,1,0.09859420152657629,0
10423,0,0.06214539926337637,0
22917,0,0.18283653323327298,0
28935,0,0.11632909056678249,0
7064,0,0.15041331491716714,0
17461,1,0.4831886962025006,0
24609,0,0.2222142746917142,0
21275,1,0.3546316701260352,0
22943,0,0.097489172874627,0
20577,0,0.10154734295737775,0
1555,0,0.39954858214793343,0
16385,0,0.2087824495775253,0
29741,0,0.05423337780370842,0
25656,0,0.22555100332491812,0
18578,0,0.0908117701301333,0
21203,0,0.0970828196106636,0
23976,0,0.12523626122071982,0
22258,1,0.2316081423037356,0
6264,0,0.08629700307359331,0
89,0,0.0781046125735503,0
18388,0,0.1566817929301985,0
21921,1,0.10561815123521669,0
8961,0,0.14242598698974385,0
14578,0,0.08558820997265898,0
19238,0,0.19922484614958044,0
16146,0,0.09588475305025007,0
3071,0,0.05817722591301886,0
8896,0,0.25348630324251714,0
26833,0,0.0824402461092604,0
15277,0,0.13671663630620462,0
15106,0,0.19475919426810917,0
21263,1,0.3546316701260352,0
14002,0,0.1863351037730985,0
12089,0,0.0940835137620419,0
16900,0,0.10451617184770806,0
18458,0,0.15170643981563817,0
24392,0,0.15690895819080816,0
777,0,0.07878511789627812,0
17826,1,0.3168014252479383,0
17885,0,0.5976141789344632,1
14453,1,0.15739042480815996,0
940,0,0.0672818449578081,0
10398,0,0.13882728481214188,0
14823,1,0.1969838875815133,0
12293,1,0.1001170372974535,0
25749,0,0.08310286082068603,0
12038,0,0.15155260166286044,0
19250,0,0.48215049970348395,0
4398,0,0.0865767970310936,0
12352,0,0.11736790273587364,0
612,1,0.13687109513314932,0
31,0,0.05744559024912181,0
24993,1,0.26434913821160144,0
25489,0,0.10047626097684835,0
5044,0,0.0887781759814866,0
3057,0,0.05832194128903928,0
7173,0,0.1350080192241092,0
7918,0,0.09873830930738395,0
2175,0,0.12076587215638358,0
12540,1,0.20231516852329293,0
26143,0,0.09421835074940633,0
2985,0,0.1385368714178378,0
2208,1,0.28625611027517694,0
548,0,0.30884332551679544,0
16614,0,0.09101836715317935,0
11276,0,0.17205678814853959,0
18013,1,0.6532298045324082,1
946,0,0.14162190538615257,0
26820,0,0.1525900751564755,0
24450,0,0.30435833897471964,0
10469,0,0.0830633237555615,0
13983,0,0.09854376388340241,0
12310,1,0.15141516504967087,0
8836,0,0.19725277526162824,0
29805,1,0.4248096590626703,0
3353,0,0.2168104863941369,0
24440,0,0.07608720511106232,0
1681,1,0.15658058328049484,0
25777,0,0.10382572805730858,0
1558,0,0.16024359695074114,0
18319,0,0.10324682678307091,0
10712,0,0.09903986528510339,0
5864,0,0.0600965789037107,0
12569,1,0.3546316701260352,0
7730,0,0.24271146355454915,0
19535,0,0.16810899271012864,0
2699,0,0.20089163766260432,0
4200,0,0.30884332551679544,0
21756,0,0.5057790324920393,1
29410,0,0.14924775313413474,0
24614,0,0.09185234097857128,0
5654,0,0.13385945142708086,0
14049,0,0.3005582217160712,0
20487,0,0.0899725526141382,0
15830,0,0.1301122893075376,0
23340,1,0.5453087387273853,1
22446,0,0.08757448948192546,0
8597,0,0.1541925554539431,0
3733,0,0.06671386426739691,0
17627,0,0.2097369899033603,0
14609,0,0.06021748971003467,0
1720,1,0.5897395620717952,1
16731,0,0.09656283857754454,0
18221,0,0.3641837086647226,0
13531,0,0.1988535971270541,0
26935,1,0.5600947336018307,1
8782,1,0.3546316701260352,0
18440,0,0.13557277420509448,0
3114,0,0.10469541055844213,0
10286,0,0.051961016634367245,0
28748,0,0.9626803972195854,1
1499,0,0.10715221247917152,0
18797,0,0.07772577300292102,0
28355,0,0.19032322591321305,0
28014,0,0.09521066373297735,0
9299,0,0.15096029692472,0
15076,0,0.09673884332278292,0
22002,0,0.10886133849485798,0
14808,0,0.4616678640786002,0
1498,0,0.16994341695138718,0
27494,1,0.1667992764242968,0
29600,0,0.12704179752575015,0
18105,0,0.3546316701260352,0
27915,0,0.09899174468733717,0
26303,0,0.06268735964872663,0
21013,1,0.9612348008693481,1
3297,0,0.13967625709853101,0
13560,0,0.1322994443630895,0
11662,1,0.7258130563993315,1
27928,0,0.08626599739084118,0
18583,0,0.26611795592430876,0
21897,0,0.215278513309318,0
22820,0,0.08547453092322063,0
12539,0,0.12481148564314656,0
564,0,0.07483861497103252,0
5346,0,0.34359559156124175,0
17366,0,0.1220323275862526,0
12087,0,0.14695891746079953,0
24400,0,0.07812311934765535,0
5291,0,0.2248656788407108,0
23291,0,0.08689157737488858,0
1874,0,0.1398833099666114,0
13264,0,0.08393206876085746,0
19249,1,0.3500984840978848,0
29209,0,0.13055725378520383,0
25693,0,0.049558903213239164,0
18448,1,0.10081323318995862,0
14828,0,0.08897219962388112,0
8666,0,0.0900570855680643,0
6134,0,0.06799469197546021,0
18357,0,0.07894038541624498,0
13693,0,0.09219771236914973,0
26887,0,0.08293951525131477,0
25727,1,0.09705661892519975,0
9091,0,0.10096226571138789,0
14422,0,0.29766941519295753,0
29089,0,0.12220471979094903,0
350,1,0.1400510065807943,0
1688,0,0.12382649634964622,0
1356,0,0.13871251646643082,0
20507,0,0.06655848451379374,0
20679,1,0.12810530556828362,0
9940,0,0.2721926539964495,0
790,0,0.12239328057611817,0
689,0,0.08675480400616475,0
23106,0,0.07039969265546248,0
9757,0,0.10988270572543858,0
26505,0,0.1391120665844335,0
3530,0,0.3546316701260352,0
14943,0,0.2678195679045331,0
26625,1,0.16744912788534147,0
5684,0,0.15000904347496297,0
14955,0,0.5062766924730614,1
14360,0,0.09129187284967145,0
19306,0,0.07565073778127607,0
13154,1,0.5429570694240877,1
11807,0,0.07406168460550422,0
29282,1,0.4247101703240964,0
22724,0,0.12258863791317456,0
26987,0,0.09961188427447504,0
2767,0,0.07638824577581764,0
19471,0,0.39705348407098984,0
2027,0,0.1136100363955881,0
20198,0,0.08103940398289469,0
1528,0,0.14226719443912217,0
23205,0,0.11664010248907425,0
29674,0,0.08241124522352784,0
13595,0,0.15577120637316016,0
2704,0,0.6763379941043204,1
5188,0,0.09141659117110276,0
25529,0,0.14637129742230431,0
27015,0,0.10159063374279982,0
18084,0,0.3306844753729923,0
14492,0,0.0868456690219639,0
23876,0,0.12158402147588175,0
6709,0,0.6399406089392758,1
29253,0,0.13699669288124527,0
10563,0,0.08212723746498207,0
9297,0,0.10495369733210072,0
16229,1,0.773452783287456,1
22092,0,0.14067436551000492,0
29915,0,0.12685100880095046,0
10720,0,0.09456716519371777,0
17408,0,0.18198598246495734,0
25430,0,0.11968475534916903,0
5911,0,0.17851918297158187,0
22736,0,0.053938338318558786,0
16342,0,0.1317674698806237,0
24536,0,0.16790586638249447,0
4425,0,0.6322232760325299,1
10928,0,0.09325103637881135,0
25147,1,0.8206957984309335,1
25085,0,0.6280594732449835,1
12637,0,0.142630442160829,0
26621,1,0.13585503876679605,0
6180,0,0.0853595215926647,0
16794,0,0.1221160842781447,0
13702,0,0.08601720621493847,0
10008,0,0.7048752830788478,1
12989,0,0.08571616526296484,0
5555,0,0.11361833975081423,0
4190,0,0.42450202330551834,0
20860,0,0.09712055684446323,0
14016,0,0.07792145759272573,0
19959,0,0.1111790868305471,0
8133,0,0.23189284772917554,0
3740,0,0.09436239680164632,0
26272,0,0.26119256396600504,0
13554,0,0.1258588398687416,0
9510,0,0.14553220752400758,0
19747,0,0.14656325641579748,0
6760,0,0.267641777720044,0
8460,1,0.144680013816499,0
28343,0,0.12781017038555728,0
26150,0,0.3166065537284471,0
9069,0,0.09578348609244544,0
24465,0,0.09424292800509977,0
6551,1,0.41868144063288804,0
6179,0,0.1751524030063484,0
11228,0,0.09733094657129777,0
12957,0,0.12840992450146976,0
17325,0,0.5172002212725522,1
2711,0,0.08238408763001531,0
25038,0,0.06881099006993782,0
16496,1,0.2383795382091778,0
2685,1,0.6745074760951268,1
1394,0,0.14483195384325387,0
20398,0,0.053066698609177454,0
2227,1,0.20215143537913263,0
2535,0,0.1561914390721421,0
10869,0,0.10149103442505635,0
3337,1,0.5583656001696984,1
13679,0,0.14291856398137937,0
27151,0,0.3153970902667637,0
29510,0,0.20767060191457162,0
14877,0,0.08993828014528309,0
17280,0,0.1585622656458605,0
24774,0,0.14866122014024274,0
19445,0,0.4194310618778825,0
5664,0,0.09584635626655053,0
8993,0,0.07004323476842242,0
908,0,0.14131124086540148,0
3900,0,0.10051795881166732,0
18042,0,0.35973196762079296,0
18006,1,0.7992614876831684,1
10920,0,0.12200169898466293,0
3618,0,0.06933010807235962,0
13475,0,0.12697874061987768,0
24237,1,0.7201712436288975,1
8891,0,0.10631123761613084,0
21526,0,0.3546316701260352,0
19228,0,0.09658676958677954,0
8011,0,0.11250659265951615,0
29650,0,0.10731349999811296,0
8249,1,0.29930677378017817,0
14527,0,0.11357026440579576,0
2728,0,0.21478142153656163,0
17405,0,0.138705022481708,0
1605,0,0.08331521740161303,0
24239,0,0.09635755100395721,0
4565,0,0.10701968050177707,0
28281,0,0.1434761285173749,0
7734,0,0.13520068281934186,0
25807,0,0.10208369165679045,0
2413,1,0.6769461899639027,1
25161,1,0.7652207269842337,1
21948,1,0.2369504378059795,0
29242,0,0.3015040492778461,0
3275,0,0.08847862987693772,0
6021,0,0.30884332551679544,0
7657,0,0.26532603628294804,0
2426,0,0.384646671825384,0
28761,0,0.1548213253062108,0
27380,0,0.11914762765747441,0
14356,0,0.5858740936988956,1
25406,1,0.34251332779793336,0
28505,0,0.2104073604821561,0
17763,0,0.25076727500283974,0
14779,1,0.5996596613151957,1
14042,0,0.09303165204370796,0
29363,0,0.08286848180462657,0
20880,1,0.3139630455465754,0
6778,0,0.3546316701260352,0
15342,0,0.08984517591267568,0
11733,0,0.1374029314315214,0
18745,0,0.09630132315794315,0
24537,0,0.09746236890876386,0
13634,0,0.1845741532488523,0
21520,0,0.1198137891239668,0
2874,0,0.086233987891126,0
17694,0,0.46317196531422083,0
26596,0,0.30884332551679544,0
13443,0,0.1740213537443568,0
11903,0,0.5186615607369522,1
3316,0,0.05631247251372465,0
25679,1,0.6348220374152027,1
607,0,0.1595342030132994,0
10228,0,0.3959725831259945,0
11779,0,0.15445761158973087,0
12625,0,0.09333409406777722,0
18858,0,0.2265984209766205,0
14944,0,0.15168144446431375,0
12554,1,0.155423140369522,0
7748,0,0.09150101610478853,0
857,1,0.5031917653710185,1
1927,0,0.1374347068008817,0
13910,0,0.09439523607923077,0
15522,0,0.2629506548294651,0
26918,0,0.2708078240614212,0
18616,0,0.23306215980961728,0
28486,0,0.08841074094308002,0
6805,0,0.30884332551679544,0
8490,0,0.25403811467514936,0
7118,0,0.161174031656774,0
17251,0,0.08676367941760725,0
23766,0,0.07326373453891125,0
9234,0,0.6453299201747525,1
45,0,0.19091910035319554,0
2813,0,0.11626419763919499,0
25986,0,0.07820001429580074,0
22105,0,0.10689822245089836,0
9465,0,0.09223812802077809,0
29498,1,0.382494533651651,0
15533,1,0.3546316701260352,0
360,0,0.12338097141185812,0
11784,0,0.14942624905042382,0
20249,1,0.6828916150163995,1
18517,0,0.1285692159131503,0
16765,0,0.781606893127503,1
11961,0,0.07603747519868422,0
19062,0,0.10195950948076182,0
18407,0,0.10477882438522118,0
586,0,0.28306547980069097,0
4979,0,0.0992561015715832,0
22956,0,0.12780706496537225,0
6436,0,0.42532816627169795,0
26583,1,0.106616256563854,0
9615,0,0.1410170462580195,0
14201,0,0.4431002108447107,0
9559,0,0.0922245906275622,0
29123,0,0.1792001355242453,0
201,0,0.1858712578530569,0
29254,0,0.09895387908974451,0
4564,0,0.11060811489709672,0
16325,1,0.14107837218538316,0
17871,0,0.17057374169195072,0
27260,1,0.6769087766517692,1
2052,0,0.7941908233704932,1
6294,0,0.12464700272422807,0
26506,0,0.08806261832153131,0
22012,1,0.6264075338624469,1
22533,0,0.11352196550080632,0
26620,1,0.7564703358715685,1
28276,0,0.1701480137099322,0
4826,0,0.08905729391423574,0
3534,1,0.21632723464239306,0
7628,1,0.17055338392893638,0
19835,0,0.6256354240335564,1
2265,0,0.13972803057757693,0
1233,0,0.3118383120862638,0
16817,0,0.09064263106646471,0
26875,0,0.0743962494472923,0
20723,0,0.6054257833854215,1
28279,0,0.09335561262628263,0
27432,1,0.13404911034387748,0
3927,0,0.14127022075088214,0
2537,1,0.10433998895681822,0
5598,1,0.11945256368704847,0
18959,0,0.08098412333159398,0
24407,0,0.14864383259681857,0
12944,0,0.15453264634168695,0
25356,0,0.14979117291547847,0
17766,0,0.13398090640446042,0
29278,0,0.09082188226271408,0
6536,0,0.15807995454943688,0
7402,0,0.15431045958946693,0
21510,1,0.5591691577584356,1
24747,0,0.14095066071187662,0
7008,0,0.10672150123027771,0
24543,1,0.07748210115958482,0
28444,0,0.07335913724515185,0
11394,0,0.09644255517654919,0
4073,0,0.0716172826153567,0
18528,0,0.1348045432737862,0
9978,0,0.07882408535169133,0
11837,0,0.12090151771473077,0
26636,1,0.5724257051309509,1
1066,0,0.10692691017363182,0
28984,0,0.30884332551679544,0
2856,0,0.15115583455595644,0
27695,0,0.15157734319000063,0
25780,0,0.14442068553779872,0
377,0,0.4536822659938197,0
29041,0,0.09589240160786731,0
23528,0,0.06889119595068094,0
16009,0,0.14119382786503576,0
27359,0,0.12543605294453436,0
834,0,0.1271950562702518,0
18639,0,0.2520213982832956,0
21216,0,0.16888159402914588,0
21195,0,0.10549154594119237,0
5051,0,0.12271285621347343,0
14525,0,0.12799889127761432,0
7169,1,0.6885880100412949,1
23956,0,0.15776198770260805,0
21503,0,0.09035612999931493,0
11559,0,0.8506629914410605,1
15704,0,0.17339721791398624,0
16846,1,0.38846364837614006,0
3074,1,0.2902066051578617,0
6276,0,0.17041904000034003,0
2528,0,0.22363157273281356,0
8505,0,0.15823334779727705,0
4955,0,0.14651954478450954,0
27501,0,0.14606352187539337,0
11030,0,0.14074796587895413,0
6699,0,0.12076588323288272,0
20799,0,0.16221116949872763,0
24412,0,0.2669523993583241,0
5002,1,0.07344090384845563,0
12409,1,0.5077181497640824,1
14074,0,0.1516700921101502,0
4725,0,0.3248631574283021,0
6995,0,0.5496333870517226,1
28972,0,0.5305503381126069,1
9406,0,0.2472188598911874,0
7509,0,0.13012469647388886,0
70,0,0.6124710352446179,1
17692,0,0.16222349781958914,0
1740,0,0.3324447964672024,0
22850,0,0.30884332551679544,0
23465,1,0.3237756880550276,0
17532,0,0.19868608284653086,0
16788,1,0.26644522814696786,0
22305,0,0.08060044565730623,0
23307,0,0.7487486606713475,1
11271,1,0.2091499731837307,0
16341,0,0.14442927532063812,0
228,0,0.12082915291735957,0
14235,0,0.0576095811787639,0
9210,0,0.08710216666297234,0
14861,0,0.7101980086516516,1
12066,0,0.20528353770975905,0
1865,0,0.05669769927159636,0
11072,0,0.1606347362663254,0
20832,0,0.14464387960263891,0
3430,0,0.1942176141528494,0
8920,1,0.702905501257593,1
5192,1,0.28542507992470173,0
21202,0,0.7823951457977537,1
1813,1,0.0772551099001689,0
9074,0,0.35074384195087355,0
384,1,0.26772683981910966,0
14384,0,0.14857640852665743,0
730,1,0.4440996237479903,0
314,1,0.34601729748280197,0
18619,1,0.6660248743887986,1
14545,1,0.10355162165679008,0
10169,0,0.0729892272124743,0
2827,0,0.07695014419122993,0
29699,0,0.2749530178447612,0
22499,0,0.1819827118619153,0
5674,0,0.08630902217114793,0
5263,0,0.09450711051822491,0
3060,0,0.12371264625390588,0
17075,0,0.2108354935405634,0
25178,0,0.46731062080668406,0
6712,0,0.1608318341239419,0
17622,0,0.2696278658260802,0
12646,0,0.12521169614622704,0
4045,0,0.13985081142157538,0
25210,0,0.1237468925366479,0
9280,1,0.13969563149533573,0
12961,0,0.09394286756764218,0
3995,0,0.1626203742486884,0
8824,0,0.06947592093222758,0
14579,0,0.17269501455928546,0
12015,0,0.08834474239950424,0
20914,1,0.5253049912516832,1
26035,1,0.6474586375932609,1
9669,0,0.07884640260696724,0
2898,0,0.09422049968766244,0
11244,0,0.6828225990320022,1
24185,0,0.06742757853858014,0
29649,0,0.10961247326747697,0
726,1,0.2798817987822779,0
4619,0,0.09244900583818844,0
5408,0,0.12879373862244492,0
29771,1,0.9626803972195854,1
6921,1,0.2217751726887019,0
9277,0,0.08978704790774937,0
11551,0,0.3546316701260352,0
9564,0,0.1600929173509022,0
8373,0,0.08979438324760423,0
4448,0,0.7928676703873052,1
7714,0,0.07570138530335042,0
15934,0,0.13740106766844476,0
7812,0,0.17201609928334513,0
5827,1,0.16797528640305195,0
9751,0,0.08362813029525572,0
23633,0,0.16495406533809007,0
621,0,0.1047226882152573,0
15534,0,0.06694964930897392,0
27296,1,0.3546316701260352,0
9255,0,0.06896677503947926,0
16740,0,0.11456365943265613,0
26898,0,0.14002922586794053,0
17474,1,0.38001321886292416,0
17004,0,0.12462914707338087,0
6026,1,0.47225685880223217,0
5419,0,0.099784851248982,0
6495,0,0.09664704314447517,0
12631,0,0.1417766284675547,0
1978,0,0.11203696993739276,0
24899,0,0.07047863909329094,0
20434,0,0.1229024496461217,0
28348,0,0.2153456771578882,0
21712,0,0.2860043339949476,0
28978,0,0.14572503788957658,0
7752,0,0.31297750811694763,0
10835,0,0.11379591946472527,0
28720,1,0.14424257469116664,0
16735,0,0.14129101597499727,0
14881,0,0.42848926380515207,0
20688,0,0.7139094422986102,1
26476,1,0.3045306071994933,0
7725,1,0.35879350532444265,0
27387,1,0.7255378646824836,1
16135,1,0.2824033246578603,0
29946,0,0.12471687616988011,0
2816,0,0.1012758451328006,0
16648,0,0.141299568711413,0
21381,1,0.7979660824682969,1
2783,0,0.07675764746812405,0
25218,0,0.1262766975459895,0
7259,0,0.1324188627000755,0
27424,0,0.1464116188935021,0
5529,0,0.23766107969148215,0
2513,1,0.21627676349668948,0
12278,0,0.0888494056042768,0
12919,1,0.17086808882214646,0
23176,0,0.09603618299787504,0
18145,0,0.12729431315067014,0
22435,0,0.14311717805187515,0
28947,1,0.056048957904196534,0
20363,1,0.05668797234700871,0
9285,0,0.15799822698133004,0
21162,0,0.08279762127553125,0
24957,0,0.080689289921536,0
55,0,0.6113651876668599,1
18054,0,0.1385195489580649,0
19193,0,0.08916660429402806,0
15177,0,0.10058851263830076,0
3464,0,0.1607825661138212,0
6707,0,0.39581819395165846,0
15042,0,0.08793127012304044,0
13762,0,0.09092147800808997,0
2848,0,0.09703167424059327,0
5486,1,0.545093042334396,1
16552,0,0.11288116284432338,0
10878,0,0.15418994145262432,0
14980,1,0.6746309119035913,1
28821,0,0.22456849591998448,0
4033,0,0.09695279147645053,0
26139,1,0.8004935727431142,1
25424,0,0.06641714673542548,0
29393,0,0.08088142877455409,0
5071,0,0.06289369325799242,0
24596,0,0.08894172191855373,0
2860,0,0.3546316701260352,0
13496,0,0.10213066176100455,0
28383,0,0.17030456134280894,0
899,1,0.184098275538317,0
12748,0,0.10737550906367592,0
25484,1,0.3546316701260352,0
1723,1,0.6222266688492336,1
15944,0,0.24745110768392053,0
25439,0,0.08941290475081129,0
27618,0,0.3311665712909086,0
20819,0,0.08287475943593253,0
16883,0,0.08769262285224162,0
13591,0,0.14096353060956113,0
3738,0,0.11069957074037719,0
7829,0,0.1910622792526744,0
19515,0,0.2038111162196844,0
29217,0,0.1590098177963021,0
10697,1,0.23251292587961206,0
14379,1,0.7096285589094444,1
7153,0,0.08707488908350039,0
20945,0,0.09044282746398405,0
27165,0,0.16460074421322074,0
20602,0,0.09801449106470614,0
24980,0,0.12570833400771098,0
19694,1,0.08627036795329132,0
914,0,0.16047333241160922,0
21695,0,0.13002644771508298,0
16099,1,0.7938807786643077,1
28288,1,0.5705399231677241,1
18000,1,0.4859142364026968,0
23314,0,0.23910668501313137,0
13244,0,0.39834491471359323,0
20556,0,0.34616207341248517,0
26000,0,0.1435212859280535,0
9780,0,0.10986122135808105,0
15728,0,0.11077279725567063,0
28786,0,0.2477705083833723,0
26564,0,0.12939714415298986,0
28411,0,0.08134867691658258,0
18184,0,0.08045840713005328,0
23785,0,0.07505696442304544,0
4971,0,0.08802143472273344,0
20730,0,0.08067173837729345,0
15799,0,0.36293451655495673,0
25878,0,0.08739205651777576,0
8455,1,0.1604841220996429,0
28787,0,0.08287828137903709,0
6843,0,0.7908883904330996,1
26367,0,0.10777835795652026,0
15817,0,0.06592322074476996,0
20835,0,0.1688808423197179,0
6914,0,0.11830540187605906,0
2096,0,0.2018767059639856,0
7987,0,0.147670194428235,0
18917,0,0.10533269745106136,0
6291,0,0.12605449466442661,0
19438,0,0.09070286990551973,0
18903,0,0.29516399437928864,0
15103,0,0.26909709281946304,0
29712,0,0.41113206691443716,0
17442,1,0.36401262410448365,0
2246,0,0.19890615316087298,0
26629,0,0.08906517188322795,0
3939,0,0.12623027294508837,0
1154,0,0.11262847060528253,0
12485,0,0.10323599747297629,0
26889,0,0.10184809718841079,0
1085,0,0.10037283435222148,0
3506,0,0.12919534130629054,0
11500,0,0.15537114642474542,0
14274,0,0.2314685214011728,0
24047,0,0.142341611434397,0
25261,0,0.48217568684429124,0
27319,0,0.20001698777449264,0
19354,0,0.1323239999846418,0
15364,0,0.14438975019115607,0
25666,0,0.13502671996159057,0
4490,0,0.0932555595444961,0
23332,0,0.09222584108727143,0
7610,0,0.15224559204916865,0
27600,1,0.7013712291436371,1
29043,0,0.27102185537196083,0
5077,0,0.4413961287020598,0
3827,0,0.09648400561550527,0
11502,0,0.17439495845679784,0
14339,0,0.10600564133428778,0
16953,1,0.3623488327917644,0
4306,0,0.2180444526894406,0
25319,1,0.17840322422591762,0
1881,0,0.08983336083041671,0
13605,1,0.7574487077916996,1
26211,0,0.09852458565098512,0
8026,0,0.2941771065203834,0
3922,0,0.08288899384904606,0
2999,1,0.23743862170250782,0
2708,0,0.14289296656084205,0
24479,1,0.5884784561356021,1
24653,0,0.10179773115747816,0
10455,0,0.05286320335116113,0
27362,1,0.14172813073094737,0
16598,0,0.09010530796860117,0
4967,0,0.14633509920716567,0
18824,1,0.09928159841990292,0
6286,0,0.5345396381609028,1
4548,0,0.08948566091317106,0
21257,0,0.09862999514068486,0
27207,0,0.11383489403548401,0
12924,0,0.2070739751660943,0
9906,0,0.3546316701260352,0
17575,0,0.11668165902868591,0
3303,1,0.4767670496842233,0
23358,1,0.21120666595993665,0
29439,0,0.06909700085901123,0
21893,0,0.0875361741476276,0
24889,0,0.10026339064188632,0
3975,0,0.07532762450799592,0
24995,1,0.1282408017334392,0
16971,1,0.6317831937339671,1
14095,0,0.5847905012843487,1
1329,0,0.07883759783035192,0
19051,1,0.6717696634455129,1
6620,0,0.08724884651300986,0
28829,0,0.1075627178266706,0
21028,1,0.6418331946863767,1
1319,0,0.22877694076995017,0
1776,1,0.7672166318266352,1
12417,1,0.5164675435628799,1
16764,0,0.1609984871917303,0
7950,0,0.18897702842638053,0
26550,0,0.05857857750688656,0
5509,0,0.08463125751018653,0
12869,0,0.13894852787511533,0
27941,0,0.06781879514514987,0
11508,0,0.39340850510779646,0
3878,0,0.12633487298676604,0
29348,0,0.4846899223833351,0
5494,0,0.13924085127455899,0
12404,1,0.07477065393071695,0
2002,0,0.15027751528865638,0
10498,0,0.8124974672775109,1
27352,0,0.1539638805659049,0
312,0,0.09634554957624308,0
20273,1,0.7110468375297825,1
58,0,0.10022281927510418,0
1632,0,0.0568639815903156,0
13506,0,0.11421958451051326,0
19629,0,0.23693976643929837,0
19677,1,0.35225487207050643,0
15847,1,0.10072627557351962,0
1535,0,0.1252787090541189,0
18645,0,0.23343613706774516,0
5421,0,0.08437255755876723,0
12170,1,0.1959775497029366,0
16910,0,0.09556821858711054,0
15885,0,0.11031283722822288,0
29054,0,0.23525006079549132,0
22814,0,0.07122739865703492,0
25258,1,0.6482884510053616,1
1281,0,0.08492821082720649,0
28950,0,0.10620833576342738,0
27559,0,0.09445775784006832,0
20049,0,0.13071168280489884,0
5166,0,0.07190734327327492,0
21790,1,0.7388017537755794,1
24654,0,0.08476947043928694,0
21329,0,0.11261409877720521,0
9914,0,0.5883253362488874,1
12080,0,0.059268447747900986,0
6891,0,0.08258785236076088,0
5935,0,0.15922724087796133,0
4511,0,0.20086991326326722,0
23636,1,0.5862425579416911,1
4287,0,0.11849924524736938,0
885,1,0.13060556419723354,0
11326,0,0.17090569535010394,0
15095,1,0.3335852160988925,0
13095,0,0.3450269092952667,0
8356,0,0.1122351596482047,0
543,1,0.5199173480230722,1
28365,1,0.5193604779475312,1
4419,0,0.08008256782559933,0
26082,0,0.12225496736692279,0
27754,0,0.08391058089727885,0
4227,1,0.07192710383873853,0
1863,0,0.14180334748044732,0
4837,0,0.10144657497461161,0
1273,0,0.06283230060053743,0
20971,0,0.10464547756905036,0
29042,1,0.15625179144652707,0
28016,1,0.5393400738165322,1
2839,0,0.1141870984417562,0
736,0,0.0936699108441512,0
24244,0,0.06241773492831833,0
25131,0,0.060227434893791836,0
15003,0,0.1478941872064945,0
11343,1,0.7384562902309253,1
15436,0,0.28260784713696535,0
1522,0,0.8339241487137984,1
10521,0,0.37729574701158425,0
15783,0,0.1001244475429196,0
18927,0,0.09066845007930478,0
24923,0,0.0916059882209575,0
14988,0,0.12160235044864481,0
21517,0,0.7969992091517993,1
18717,0,0.08325996727303668,0
8247,1,0.1400985548312857,0
15284,0,0.10926514503366057,0
5014,0,0.16100788427738444,0
28362,0,0.07702431363409584,0
16488,1,0.7113557321251028,1
2646,0,0.12004245976208981,0
15855,0,0.08610251091253783,0
24687,0,0.08639029608305386,0
5709,0,0.10380640334985282,0
28928,0,0.10024855180341812,0
3249,0,0.15610536064581143,0
24362,0,0.3546316701260352,0
2737,0,0.12279969862636907,0
25214,0,0.12587990697882476,0
4389,0,0.09908087234261644,0
22018,0,0.23731088991743182,0
23063,0,0.10198084004062073,0
21253,0,0.07002352676769313,0
11130,0,0.09356077054122626,0
9374,0,0.4451532930267508,0
29190,1,0.40895443259707415,0
1189,0,0.09113915049525428,0
21484,0,0.17183056694467433,0
328,1,0.7345887625719832,1
29987,0,0.18103720687552433,0
19307,0,0.12628509293989906,0
2583,1,0.22275232295181369,0
17109,0,0.08889944242998751,0
2029,1,0.14730310494172932,0
18663,0,0.15114603909045665,0
20017,0,0.09107148003005197,0
27874,0,0.06060913951070373,0
21132,1,0.10148386926496883,0
9139,0,0.0500323702608726,0
17747,1,0.5382592659102015,1
827,0,0.4749122417847802,0
4848,0,0.49646078720686865,0
3931,0,0.14765397197131583,0
13579,1,0.23838755650431578,0
8052,0,0.5469685514625756,1
4065,1,0.6308683929419026,1
18211,0,0.11496287757159683,0
357,0,0.08826764887261755,0
17021,1,0.6650737093586474,1
22037,0,0.10499640001016675,0
16990,0,0.09495281355292834,0
10167,1,0.16095631882889705,0
24866,1,0.3350214354898304,0
19618,0,0.12559478615805264,0
9802,1,0.1087621365615184,0
29907,0,0.06472482330802247,0
24788,0,0.0833324491045453,0
7342,0,0.15137998368916447,0
8080,0,0.27776329536975763,0
22962,0,0.15182517066826667,0
2116,0,0.14597970240410194,0
20051,0,0.17900274563041854,0
3880,0,0.08889118886635748,0
8041,1,0.10169881666295762,0
24499,0,0.13022051462040687,0
16226,1,0.12100590293563995,0
19726,0,0.07799635357854368,0
8688,0,0.13732671836065427,0
22091,1,0.3088218950717768,0
6049,0,0.382408080096583,0
6651,0,0.10342848672513258,0
6965,0,0.11284239399249571,0
17873,0,0.0918186125821081,0
25143,0,0.208876139325676,0
1357,0,0.09844784552045294,0
18076,1,0.5517225558444504,1
29143,0,0.09288258937215202,0
4974,0,0.44750851973895495,0
2253,0,0.09298596943887125,0
23034,0,0.28307313549004454,0
29878,0,0.0564836067781626,0
2790,1,0.19579876466605894,0
3954,0,0.08359948502883233,0
16564,0,0.11391062804156242,0
2086,0,0.3546316701260352,0
8816,1,0.2163718487693598,0
29496,0,0.10469024304273215,0
25193,0,0.6950646143463131,1
17237,1,0.6946764532762789,1
26307,0,0.2237790911105085,0
16814,1,0.08733495504833053,0
8159,0,0.09309386548391013,0
8967,1,0.6415856163508279,1
15932,0,0.055853676613287676,0
21847,0,0.11630434119812531,0
10135,0,0.11640191439138305,0
8185,0,0.21266903306437254,0
26338,0,0.11896083245003326,0
15427,1,0.13282792276701552,0
21852,0,0.09457159836423884,0
19705,0,0.15438919301285225,0
22143,0,0.2927034378905826,0
22100,0,0.09956295191008845,0
22486,0,0.15101607345716536,0
22769,1,0.09492860492234843,0
2705,0,0.11758653798560038,0
8671,0,0.08080155119142315,0
23905,1,0.5286358639608456,1
3434,0,0.10746619780889942,0
9364,0,0.061624947765967365,0
10595,1,0.2114983142467184,0
26513,0,0.12342741858128303,0
6317,0,0.14020944256083578,0
219,0,0.08232877874250587,0
27970,0,0.08497103088456402,0
19962,0,0.21877843322877968,0
18574,1,0.12175198919429525,0
409,0,0.07230175494131752,0
2656,1,0.4209704665220566,0
24822,0,0.2968036201464885,0
14116,1,0.26954915992771633,0
29070,0,0.07972483113869845,0
12833,0,0.0843500040997389,0
11013,0,0.16294162291140551,0
12716,0,0.47882201932269913,0
22399,0,0.09093286037000858,0
8722,0,0.08216512019880909,0
14506,0,0.7313565248487176,1
21015,1,0.10826120083952682,0
11514,0,0.09542657290027658,0
24,1,0.11018038677990544,0
26323,0,0.14223081600820633,0
15040,0,0.1322593021382963,0
5181,1,0.11561624932147066,0
19145,0,0.09014279398530917,0
7047,0,0.4242202138440079,0
22042,0,0.1366741428510481,0
19590,0,0.09414058918860457,0
6019,0,0.3464795775265028,0
21302,1,0.5464419119703245,1
29361,1,0.29433586051762645,0
26209,0,0.06921424261099313,0
10931,0,0.05301122765132316,0
27804,0,0.18335960846638652,0
11243,0,0.4586699733915285,0
12806,0,0.10902591500570394,0
4100,0,0.15912442646299488,0
15732,0,0.11681182673828758,0
19516,0,0.3546316701260352,0
7132,0,0.08931456787918089,0
26466,1,0.08832049980860762,0
12891,0,0.09669385804998566,0
19336,0,0.060309562622665576,0
14019,0,0.15981365718116822,0
16220,1,0.28481020296786225,0
29185,1,0.3004960447907168,0
1277,0,0.08397294873979319,0
11147,0,0.27904130537945,0
28767,0,0.614327701593642,1
28836,0,0.051983531349642995,0
18672,0,0.30884332551679544,0
11916,0,0.10027654654917287,0
2578,0,0.08639740329453784,0
16562,1,0.23259068699841542,0
5020,0,0.416115387562732,0
10828,0,0.1850200490862212,0
12406,0,0.15464392160252008,0
12482,1,0.780427893923479,1
9286,0,0.11166997969579859,0
6751,1,0.7887444609671007,1
10501,0,0.10984799186495643,0
9530,0,0.09055615524907978,0
13497,0,0.0510193956811465,0
25196,0,0.25652975722459387,0
20201,0,0.1281365611682399,0
18491,1,0.1466783985949923,0
24422,0,0.10931196327797002,0
16358,0,0.4175586404438583,0
11896,0,0.16049975386050883,0
5550,0,0.3332051051088729,0
3795,0,0.09785263127476514,0
103,0,0.3549397410967164,0
7205,0,0.16181713273530007,0
2333,0,0.7123376663182749,1
1262,1,0.14015745962216122,0
23367,0,0.09702940615572718,0
23966,0,0.14525838996460652,0
15569,0,0.07442069096382556,0
29998,1,0.6095842809390751,1
23584,0,0.10159323741135907,0
28080,0,0.15023541830494258,0
19011,0,0.11880186858237282,0
669,0,0.4795560173348184,0
14402,0,0.3064590145056739,0
26413,0,0.5320734548654525,1
20244,0,0.09501775584721256,0
22471,1,0.12210582064225221,0
16228,0,0.4005921597995553,0
15397,0,0.12081222000024196,0
17740,0,0.430329074639904,0
29342,0,0.3799845467452804,0
813,0,0.22172470972681538,0
24895,0,0.10424667448066703,0
7450,0,0.10060277692941406,0
26199,0,0.2556351489438522,0
16502,0,0.16094624403040012,0
8257,0,0.30884332551679544,0
15724,0,0.10368541186714125,0
21971,0,0.12451117896084844,0
2102,0,0.8059815002060015,1
24864,1,0.14368919846580233,0
25957,0,0.2934356582812413,0
3212,0,0.3219519266274877,0
9356,0,0.06606012005520673,0
28202,1,0.2536501438022805,0
19706,1,0.15486041960662558,0
28314,0,0.19022457649695151,0
21178,0,0.08431247824854696,0
23943,0,0.13327401423576618,0
1248,0,0.1506957861688529,0
23623,0,0.3546316701260352,0
28455,1,0.10616560584953945,0
11236,0,0.11863496548832023,0
18265,0,0.08918261549838492,0
3388,0,0.16438154803419402,0
25392,0,0.1698008781576623,0
4070,0,0.4006792680194278,0
5636,0,0.08030160688253042,0
8909,0,0.15909869980002525,0
12621,0,0.1206722418987469,0
17294,0,0.17748149165935892,0
17099,0,0.07585002797031878,0
8808,0,0.1630047415682618,0
3370,0,0.4705012656438418,0
20183,0,0.06101377989487271,0
458,0,0.13495956250500396,0
20882,0,0.5133419810099334,1
5203,0,0.6797401897583843,1
9647,0,0.5645924174431974,1
19548,1,0.20207369960811664,0
3533,0,0.0938060077717411,0
11011,1,0.15465058785501015,0
29073,0,0.09225319817948664,0
23825,0,0.13822201533619524,0
28136,0,0.09710642696992082,0
29731,0,0.1625109312384239,0
2335,0,0.13332404900184824,0
1400,0,0.19945998473121807,0
16147,0,0.07061374650899784,0
9929,0,0.06529187509615363,0
14300,0,0.33203561086591293,0
9199,0,0.11741101873314155,0
14129,0,0.4849530907562159,0
28848,0,0.12760853552037094,0
18439,0,0.08624156845019022,0
7723,0,0.2683828108483473,0
23824,0,0.11309910766086856,0
3009,0,0.15077960437814647,0
24720,0,0.0837399869427308,0
22197,0,0.10205326362538364,0
24425,0,0.21126134122192597,0
18571,0,0.12879974433372093,0
13741,0,0.08815486143970236,0
26062,0,0.06912401891347303,0
9486,0,0.23343506058099744,0
6552,1,0.09654422394231464,0
29820,1,0.16171481310894825,0
20100,1,0.18626195671089096,0
22594,0,0.139429855682004,0
1013,0,0.06088183483210987,0
11122,0,0.23829558156774466,0
25740,1,0.8314214869078913,1
19704,0,0.10953056522005176,0
12860,0,0.0969690349585184,0
15761,1,0.7659534513094833,1
25148,0,0.06445841181387695,0
29354,0,0.11804996635964317,0
12061,0,0.14585128555427576,0
26248,0,0.0925227898234657,0
9995,1,0.17178062274335903,0
23683,0,0.18614373216561952,0
20254,0,0.09282605281007296,0
3621,0,0.1534673864662619,0
19823,0,0.11997170537357003,0
9772,0,0.12169687272258828,0
21892,1,0.5357697837100147,1
12873,0,0.10332753729751248,0
29109,1,0.7334503366655166,1
5764,0,0.1192678001934961,0
24445,0,0.12935534995106412,0
7396,0,0.08189936687121006,0
7110,0,0.21656611207054163,0
2599,0,0.16455918880104534,0
18809,0,0.10531273571242995,0
11419,0,0.3546316701260352,0
19115,0,0.30884332551679544,0
17441,1,0.09807468741271697,0
23084,0,0.08838552201579448,0
15499,0,0.10050793192234347,0
20917,0,0.09738678527727399,0
25580,1,0.16172103489247783,0
22154,0,0.1142198668208312,0
6562,0,0.30884332551679544,0
1945,1,0.598659622370275,1
2894,0,0.3907476144029882,0
240,1,0.10978866728206217,0
2003,0,0.1336024284661476,0
19506,0,0.12940860904011547,0
23278,0,0.30884332551679544,0
8038,0,0.08756631989082013,0
9460,0,0.08106836893127439,0
19696,0,0.08187011585387129,0
16784,1,0.09455132789010229,0
9367,0,0.14931104489666333,0
20550,0,0.26909958234637993,0
417,0,0.09418808380454269,0
6577,0,0.16645573705284508,0
652,0,0.10156459456414785,0
29940,0,0.12376515648916947,0
12549,0,0.1527220825356079,0
16193,0,0.0773384478839191,0
10158,1,0.10525954346838443,0
13012,0,0.1832413311803618,0
9626,1,0.3585354839507964,0
6235,0,0.13831584858135146,0
13643,0,0.08212367643705477,0
8539,1,0.09535429696809329,0
16519,0,0.15390768888822326,0
23605,0,0.0740778531641288,0
29943,1,0.14220043568211554,0
15653,0,0.1199227397813721,0
19963,0,0.11565657162191637,0
702,0,0.1380177687655938,0
14008,1,0.14207663253884806,0
23673,0,0.2746429986283429,0
24205,1,0.09309618838662273,0
28233,0,0.14359569710609227,0
14470,0,0.09111875238879245,0
14472,1,0.7890072251775477,1
8994,0,0.1271840451479661,0
26557,1,0.6712595486309927,1
22122,0,0.15200117476013303,0
24745,0,0.1015355999191915,0
12610,1,0.7480411213569169,1
12114,0,0.1015359887440273,0
25840,1,0.17058868927357243,0
7801,0,0.10046255086737749,0
26191,0,0.09615382648123943,0
27832,0,0.13515337363089225,0
14719,0,0.48235653213391105,0
12376,1,0.09208769649903209,0
12267,0,0.2631543736264164,0
27758,1,0.08247952865370876,0
12144,0,0.11514290280668003,0
12274,0,0.256001152806389,0
14004,0,0.16877431607295873,0
21442,0,0.27573165667443,0
20472,0,0.15392671511003062,0
28397,0,0.09534030649290882,0
258,0,0.10034304966679825,0
14696,1,0.4442451448742324,0
19079,0,0.17092485854982165,0
23781,0,0.0907047390022635,0
7139,0,0.12466700785534998,0
28818,0,0.0914621686637565,0
336,0,0.09405250823318723,0
23369,0,0.14329379008201612,0
10711,1,0.5106377861570146,1
2375,1,0.7541380942418692,1
28395,0,0.0655683798863516,0
29819,0,0.1418643197594131,0
10192,0,0.12555746937191203,0
28150,0,0.6183714280481651,1
7827,0,0.21932272375056866,0
15260,0,0.12668973844704773,0
12572,0,0.10807553513270181,0
27353,0,0.1124623919379463,0
6608,0,0.6902061698336484,1
16751,0,0.16963345400958685,0
12896,0,0.10678883583923841,0
17689,0,0.12094784716400853,0
26758,0,0.3814315724125693,0
4246,0,0.0881246418900557,0
3911,1,0.22077771583207273,0
14439,0,0.09924145608443828,0
12010,1,0.30884332551679544,0
3706,0,0.3546316701260352,0
21274,1,0.832943608940393,1
1225,0,0.13526583037327933,0
16222,0,0.09894036693610415,0
13884,1,0.32994300671517324,0
639,0,0.1007722154638358,0
23071,1,0.1482061869993249,0
4705,1,0.2518043335958119,0
26046,0,0.07589781588516942,0
8443,0,0.08636440886945153,0
13155,0,0.1395230124966694,0
12760,0,0.13287586621149994,0
7316,0,0.14746946253450724,0
2688,0,0.13323056559930826,0
16272,0,0.12645073052971553,0
16671,0,0.14839895407589807,0
16507,1,0.48091062742419843,0
5131,0,0.17866091972161902,0
10881,0,0.11820693473183919,0
24692,0,0.113479899565483,0
22278,0,0.11956424999390233,0
4822,0,0.30884332551679544,0
26473,1,0.08455453282918,0
10520,0,0.050201882795259806,0
3985,0,0.07578149039198841,0
7448,1,0.7374843382177039,1
4266,0,0.08734644198685425,0
14787,1,0.14925793650914487,0
22639,0,0.10369106903038412,0
3382,0,0.1594936778899455,0
8092,0,0.3546316701260352,0
11880,0,0.09553700869775673,0
24636,1,0.17160374819728597,0
3635,0,0.08425711944785348,0
27637,0,0.3446282707499225,0
23978,0,0.07525147609339913,0
8088,0,0.09617447285374803,0
11164,0,0.14490435142285948,0
2468,0,0.15854255762801583,0
3523,0,0.11868488222291788,0
12050,0,0.10299491523960504,0
26787,0,0.10199106061441102,0
18028,0,0.20397177229673044,0
10944,0,0.10503124734879585,0
12624,0,0.19194538908535702,0
6137,0,0.15272306249215195,0
20935,0,0.06040415758160634,0
28074,1,0.2160352348501076,0
17526,1,0.7866983687961496,1
2617,1,0.13598534757186648,0
23490,0,0.12868460868739048,0
3288,1,0.8543118302741958,1
2639,0,0.13554203335645332,0
11421,1,0.07965183474338,0
22715,0,0.09739738550557567,0
2324,0,0.13424459671668937,0
11698,1,0.16479332482100692,0
4693,0,0.12045868374422185,0
6683,1,0.45118131510189113,0
13397,0,0.182132758739542,0
17667,0,0.1085031261637927,0
26431,0,0.11088402232587077,0
10549,0,0.06781400612628775,0
13682,0,0.08714143945509387,0
19680,0,0.158906907977077,0
1892,0,0.21871395690460824,0
9734,0,0.10764699388020146,0
21966,0,0.14299656418786433,0
13584,0,0.47032595972808666,0
10241,1,0.43598270413430606,0
3423,0,0.10230848192262576,0
17999,0,0.21255558626267498,0
25996,1,0.6795177552283321,1
21623,0,0.21808391559394597,0
2880,0,0.20511535939501896,0
24839,0,0.18229721907466118,0
25902,0,0.13577922970053635,0
22758,0,0.13889363940298463,0
17786,0,0.554855600332827,1
25627,0,0.0622194765357055,0
13960,0,0.11324047533042,0
5817,1,0.3546316701260352,0
7970,0,0.11851643570893787,0
29296,0,0.79643521136788,1
26786,0,0.5687447808263487,1
7432,0,0.09390477147603839,0
3278,1,0.3546316701260352,0
19606,0,0.2594083939360077,0
8450,0,0.05431959689700441,0
9636,0,0.17185329796525958,0
23464,1,0.160459062304066,0
13723,0,0.18378790826490385,0
5422,0,0.09011973639527066,0
9072,0,0.11215419006839003,0
10123,0,0.14711843359660115,0
11932,0,0.0723905705237956,0
17002,1,0.1779659195284068,0
15941,0,0.17384708407125482,0
10471,0,0.30884332551679544,0
617,0,0.2850253579228138,0
17191,0,0.7353903612529236,1
20346,0,0.5740445237752513,1
18820,0,0.2826695939169867,0
19200,1,0.09077134436284451,0
4505,0,0.3546316701260352,0
25308,1,0.11077666634343572,0
1438,0,0.10604519070615083,0
8293,1,0.23062236640546488,0
13438,0,0.06529719714776049,0
11321,0,0.08181023897434461,0
11605,0,0.12516778370146217,0
24762,0,0.09407798127338494,0
1232,0,0.10909385862791074,0
532,0,0.1433102376355888,0
29896,0,0.13767201095627682,0
19790,0,0.0899130101964874,0
20847,0,0.3546316701260352,0
23973,0,0.12892210102727242,0
3208,0,0.13743405077751625,0
5848,0,0.3219519266274877,0
13207,0,0.2280519513348539,0
13714,1,0.26854909319079645,0
9023,0,0.22363472340326393,0
3356,0,0.12329616574854527,0
14667,0,0.061273730894650325,0
2863,0,0.17278695772437092,0
9323,0,0.1603967696910718,0
15267,0,0.11614325594873863,0
28927,1,0.30884332551679544,0
23627,0,0.08491250508520644,0
5803,0,0.11463617360801553,0
9881,1,0.8058149265045124,1
22160,0,0.2018206748015615,0
9264,0,0.215490653365332,0
26021,0,0.15142624663457357,0
5505,0,0.10658688707776479,0
12383,0,0.18103720687552433,0
6915,1,0.7080818277330951,1
28366,0,0.23919555236942888,0
15209,0,0.1662643331373198,0
176,1,0.6294976741208452,1
7423,0,0.4206123232544584,0
22893,0,0.09981559522358026,0
19293,0,0.15645296605126138,0
16464,1,0.7631076442023091,1
17322,0,0.12016403513126389,0
2931,0,0.10546860759015483,0
17100,0,0.14430283697112797,0
17181,1,0.7090039953439521,1
13801,0,0.5424134063550795,1
24933,0,0.14064891589765002,0
20650,0,0.1246447823631305,0
23544,0,0.0961467655916447,0
21447,0,0.19872721207482186,0
6418,0,0.1053800317305213,0
7704,0,0.08524046407466597,0
24965,0,0.1300175501382205,0
9806,0,0.13939577841237594,0
17390,0,0.10811400065048007,0
17132,0,0.12644732264514086,0
3654,0,0.09380595201845182,0
2520,0,0.08447517596407142,0
3148,1,0.19597592269387717,0
25929,1,0.30884332551679544,0
28564,0,0.15952876362355486,0
25105,0,0.09734761634302361,0
6649,0,0.1269255060233007,0
10762,1,0.14921095059182565,0
17604,0,0.09105061095082406,0
8603,0,0.742253234004102,1
7721,0,0.149373430312301,0
16601,0,0.7892846587444994,1
7096,0,0.16064598069025532,0
29558,1,0.17885581836448317,0
20657,1,0.11201692599527562,0
20276,1,0.11968619306875075,0
8318,0,0.13875869236189164,0
1575,0,0.18018126585447003,0
6816,0,0.14714418549095215,0
1350,1,0.38598485632584756,0
28168,0,0.1109284153869687,0
25670,0,0.11768123558995355,0
7583,1,0.24384191155008533,0
12067,1,0.8117216148316595,1
14830,0,0.0859350822857475,0
5072,1,0.22296493587121252,0
6128,1,0.6759934645527449,1
3224,1,0.16054813716900806,0
16452,1,0.8101765420718198,1
266,0,0.19783466703776081,0
15507,0,0.08302933999243141,0
11397,0,0.42211963456220714,0
19654,0,0.05951743876429641,0
21887,0,0.06631376628123657,0
13084,1,0.7549423066236947,1
6951,0,0.3123860755433688,0
6040,0,0.09213787413026088,0
15579,0,0.21054753397248469,0
19477,0,0.1229038117234492,0
13080,1,0.48748160193018103,0
18892,0,0.11217509789654616,0
27660,1,0.6757284144112385,1
25602,0,0.09611555142905712,0
5513,1,0.8222910375163694,1
13923,1,0.17630834511801616,0
25133,0,0.1383150808186543,0
21023,0,0.10727799341599237,0
25357,0,0.0794048270612406,0
9057,0,0.1739120587071459,0
17456,0,0.07573132070253626,0
13308,0,0.39076807900579547,0
23438,0,0.21584934530476432,0
2128,0,0.7194017372808709,1
15504,1,0.06799706035984364,0
23152,0,0.10272856428207451,0
84,0,0.17489564699406826,0
21760,1,0.12313629443677618,0
28145,0,0.14372361182839968,0
7577,1,0.15265068511467772,0
27945,0,0.10343378791359913,0
10900,0,0.7408032846602023,1
6934,0,0.15458321567649244,0
11286,0,0.7210665505523035,1
17053,1,0.7404369389376363,1
3245,0,0.12050410866182543,0
14620,0,0.37327485862378607,0
4958,1,0.13131803573762085,0
12611,0,0.170729639577323,0
7005,0,0.18625206008490688,0
29953,0,0.09597103320190231,0
10076,1,0.25108692499826796,0
13166,0,0.13875766939763093,0
901,0,0.15537114642474542,0
17821,0,0.15541123859638495,0
23612,0,0.17289623188531641,0
5358,0,0.1544949536187118,0
26895,0,0.18460772204935286,0
14820,0,0.2631046129978418,0
25437,0,0.11126041902692824,0
1831,1,0.1481633045511158,0
14205,1,0.3431706908670202,0
17429,0,0.09885377687636934,0
20194,0,0.15284967337996191,0
13543,0,0.08836503469554176,0
28580,0,0.3546316701260352,0
3020,1,0.708311373091096,1
21174,0,0.09056249581907723,0
6355,0,0.18375471462160092,0
22052,0,0.13728476628924344,0
1234,0,0.30666662652103244,0
11310,0,0.09521569358631472,0
23344,1,0.06200272933669016,0
6771,0,0.08989195665188389,0
14195,1,0.13217755588909838,0
7729,0,0.08290209530671025,0
11759,0,0.12065512247842682,0
25026,0,0.08875839522313803,0
27888,0,0.2730050813634024,0
27732,0,0.2156505732875468,0
425,0,0.10514467837266561,0
18638,0,0.12294091656809863,0
22183,0,0.14722206390184284,0
29466,0,0.11092062091257421,0
18182,0,0.10376044856930845,0
8937,0,0.65241032225749,1
26940,0,0.0740202858226372,0
27408,0,0.20327037590529304,0
810,0,0.11547431217968676,0
15529,0,0.11723778473576293,0
23410,0,0.10070028859338837,0
25405,0,0.09789123323946639,0
25136,0,0.06124863668925125,0
27886,1,0.12148920634064288,0
27217,1,0.8004179684292682,1
18990,0,0.10724266232820635,0
3342,0,0.13765969809174647,0
17423,0,0.09539411599625292,0
24642,0,0.08002408853297861,0
19321,0,0.1352973830664589,0
17984,0,0.10187977915180835,0
3126,0,0.09745668084665349,0
13912,0,0.05483734807030672,0
10784,0,0.09421811983227524,0
8493,1,0.6457076591452978,1
12981,0,0.16404909269334905,0
21434,0,0.08512870633537578,0
23885,1,0.30884332551679544,0
7516,1,0.15592018513859965,0
6035,1,0.11639753088287477,0
16374,0,0.09005793720538574,0
19639,0,0.0966168793933069,0
715,0,0.13455244452981557,0
7949,0,0.24062972213799774,0
3220,0,0.08781983743106059,0
12314,0,0.09807451800785111,0
6053,0,0.34611897940527925,0
8332,0,0.09131339646706517,0
2549,0,0.10277321923144499,0
22773,1,0.3546316701260352,0
18728,0,0.109788673107478,0
1930,0,0.09718817739909906,0
19672,0,0.12179490529977466,0
16398,0,0.15414761170918453,0
8198,0,0.14294005052867614,0
20551,0,0.07554837220810547,0
9501,0,0.14432170493006719,0
29014,0,0.16061837035445847,0
14863,0,0.12227215970654579,0
3589,0,0.12601585936856885,0
8073,0,0.14714039179363936,0
14706,1,0.1939250809902112,0
27167,0,0.47233674317129387,0
2609,1,0.19046108822931793,0
11389,1,0.5994795771771668,1
21533,1,0.5673918806771795,1
12779,1,0.24577696020461662,0
7782,0,0.10147770776277562,0
11119,0,0.28248181539696765,0
3129,0,0.23811500182564962,0
19764,0,0.10355187733842296,0
15289,0,0.1066580177245011,0
15986,0,0.3131586108918851,0
8301,0,0.11295268107130553,0
26945,0,0.13281746190747595,0
4569,0,0.12569678505791035,0
15424,0,0.23291664800911235,0
29794,1,0.1461474429692329,0
9454,0,0.14751124256479495,0
27502,1,0.12052820141752717,0
6600,0,0.10270177933988733,0
1848,1,0.4786403380577399,0
21659,0,0.2731582448259113,0
21746,0,0.12078676753042213,0
27580,1,0.5262653685572932,1
2189,0,0.1746583771647731,0
17993,0,0.07641791181550575,0
26176,0,0.10167503965700737,0
1299,1,0.15270661326487706,0
12051,0,0.0779336419844117,0
19873,1,0.22829977962808784,0
2782,0,0.1204347797599728,0
28041,0,0.13389944399885342,0
25361,0,0.12213460086545741,0
7707,0,0.1052438225029922,0
24707,0,0.10004928945479913,0
12241,0,0.18594738943946137,0
25145,0,0.07337746200094097,0
29870,0,0.22646185959619838,0
28923,0,0.18475613725974027,0
10278,0,0.10265100196110623,0
27290,0,0.11852699545035124,0
9508,0,0.5538559889618718,1
25604,0,0.17909267928468364,0
5613,0,0.15296119013498,0
23283,0,0.16431202791961408,0
18255,0,0.10278564359899794,0
19388,1,0.13311584144319977,0
28230,1,0.4752470159488506,0
19408,0,0.06833192221295623,0
1787,1,0.6084157012973356,1
5164,1,0.7600824061993535,1
14079,0,0.10505862161640782,0
16638,1,0.3028037015398358,0
8158,0,0.0847933977242632,0
9925,0,0.08757865247391396,0
17340,0,0.3608781532779814,0
25596,0,0.17221877342453368,0
20614,0,0.17454517033215752,0
12382,1,0.14641199918333334,0
1444,0,0.08281250408842895,0
6871,0,0.31879318736971407,0
21961,1,0.9326374501345608,1
18816,1,0.16352621355098762,0
7257,0,0.08930507158589254,0
5866,0,0.08000089302795227,0
26090,0,0.11864486244919963,0
26180,0,0.14631786976574962,0
20738,0,0.6927397833565218,1
5929,0,0.12306268579201875,0
1834,0,0.15881229592878118,0
24583,0,0.4577048039370365,0
25796,0,0.10444959269697214,0
11287,0,0.2321721988553764,0
20203,0,0.16624365314150824,0
21146,0,0.09692878872749834,0
4873,0,0.1394209951120606,0
29935,0,0.14283791696738155,0
10789,0,0.11026334975639729,0
13074,0,0.1432332141080308,0
1473,0,0.08033433092038145,0
20089,0,0.05393381388817563,0
3234,0,0.7720141032798908,1
25651,0,0.1036762863659802,0
24870,0,0.10256053145582493,0
1027,0,0.12143894701083742,0
6693,0,0.12466619484507001,0
3560,0,0.24542765672967054,0
29814,0,0.06310816780549469,0
1175,1,0.07473813953299051,0
28879,0,0.1026610005047892,0
23121,0,0.0888426145024081,0
3133,1,0.09626898727413156,0
27067,1,0.3546316701260352,0
14931,0,0.09968763257672339,0
19122,0,0.08105747441238201,0
20088,0,0.1264986410661488,0
10460,1,0.8408986601806515,1
11671,0,0.12415157264810871,0
11403,0,0.0643181892326826,0
18722,0,0.09322081038891131,0
2268,0,0.20697718957016498,0
8727,0,0.1925867510619992,0
21036,0,0.12375659869443505,0
1198,0,0.4027512546615933,0
14911,0,0.07938921209574817,0
23336,0,0.18494778654648109,0
4578,0,0.23412567678418864,0
28948,0,0.12115690865251746,0
5820,1,0.6775378709652599,1
12579,0,0.04971488674126671,0
9213,0,0.42465683857376485,0
6535,0,0.08578234972603646,0
3255,0,0.1721728885569303,0
22520,0,0.05651884343526637,0
24717,1,0.7668190573833594,1
13161,0,0.1193598055832019,0
6877,0,0.07076273737552934,0
555,0,0.1031932901750571,0
9381,0,0.1146600922306285,0
29094,0,0.0873339941101678,0
23682,0,0.057921678810155044,0
19412,0,0.3546316701260352,0
1441,0,0.28856512333796325,0
19497,0,0.14945714768254292,0
20844,0,0.10000007875014032,0
18229,0,0.7171614496526969,1
16353,1,0.12538898423064715,0
1207,1,0.8052077315483178,1
20979,0,0.12483668429757433,0
13371,1,0.30884332551679544,0
17798,1,0.30955570673678157,0
16848,1,0.6790536011069137,1
26927,0,0.057048646296235066,0
15485,0,0.3546316701260352,0
23308,1,0.08817615727699149,0
3849,0,0.46452437057794477,0
265,0,0.12350573832901128,0
3741,0,0.08612587589509568,0
24396,0,0.3044361559672412,0
6947,1,0.5208220572007577,1
4183,0,0.14573749973779507,0
19733,0,0.12493373603821542,0
19138,0,0.11967802646380027,0
29822,0,0.10493648265252242,0
24797,0,0.24788428243932184,0
21595,0,0.1609168680976283,0
17123,0,0.1281557830366458,0
24945,0,0.16820553002188945,0
29487,0,0.10156183001746343,0
3350,0,0.3531716184988165,0
13311,0,0.06471841646380005,0
20618,0,0.14396419036807942,0
3335,0,0.1458489493376927,0
20993,1,0.6366610309887282,1
23669,0,0.14631786976574962,0
8342,1,0.3546316701260352,0
26308,1,0.7039275875828224,1
25481,1,0.12546563953441506,0
18472,0,0.12348194050688771,0
19700,1,0.39159620304270687,0
13793,0,0.1429302989723387,0
1573,0,0.20113356997717677,0
13739,0,0.796490748328216,1
26441,0,0.766973687691737,1
9211,1,0.22997121740736526,0
17669,0,0.20809625190695755,0
16843,0,0.09043421488023656,0
17666,0,0.12876129746976678,0
11041,1,0.5469148202886409,1
13900,0,0.09520348762718017,0
4220,0,0.3546316701260352,0
15469,1,0.30884332551679544,0
21185,0,0.0887218825931713,0
10204,0,0.08753254893398403,0
16187,0,0.11621557525954966,0
412,0,0.23726604507919263,0
821,0,0.2736028074120962,0
8711,0,0.14714757882613186,0
19660,1,0.4109524227220936,0
5091,0,0.13497423644502538,0
622,0,0.23093983698247772,0
21176,0,0.5920206436364751,1
13713,1,0.6407437076633339,1
18695,1,0.7083074920748907,1
5576,0,0.05810320497838892,0
13589,0,0.1371886430570068,0
745,0,0.06990451265497172,0
3081,0,0.10319170823002016,0
10154,0,0.1819827118619153,0
29181,1,0.6763416179398621,1
27993,0,0.053794579893909136,0
17585,0,0.16514996867930326,0
10352,0,0.10514659738848564,0
3289,0,0.09266510012614279,0
6858,1,0.16195999023273405,0
10390,1,0.742279516089195,1
26722,0,0.10333513954145919,0
6310,0,0.10790309607457274,0
13353,0,0.16029366352347332,0
8075,0,0.17526705641067786,0
19131,1,0.7893095649752796,1
18775,0,0.09106661898904111,0
7407,1,0.14698565837061017,0
23948,0,0.0960147853149274,0
14518,0,0.09024004180161457,0
7769,1,0.42432237145851226,0
8664,0,0.1140628216059262,0
15599,0,0.7458067778201983,1
2166,0,0.3546316701260352,0
16872,1,0.45668131930131173,0
16067,1,0.5776558888819548,1
6718,1,0.15240123003168762,0
13556,1,0.08384384043394341,0
1585,0,0.11340737096667322,0
7052,0,0.2106212242051148,0
16694,1,0.6965291066687382,1
24434,0,0.11604410814067403,0
3139,0,0.13508919657705584,0
23401,0,0.30884332551679544,0
29320,0,0.18014028428316464,0
15964,0,0.08831034757093431,0
20481,1,0.6898021433139266,1
11424,0,0.2818424046696113,0
19768,1,0.17199980513968746,0
13650,0,0.09464904192500428,0
19067,0,0.1509811960337708,0
1288,0,0.04680796018715101,0
18534,0,0.14559417327676283,0
12438,0,0.14394000129339632,0
10502,0,0.11368634528326395,0
16061,0,0.4290510655975759,0
6601,0,0.6956948878664726,1
7299,0,0.14782382648292244,0
23659,0,0.28029025323339046,0
15795,0,0.12997298421238765,0
18685,0,0.2586560176574177,0
12402,0,0.0720219008115833,0
18610,1,0.8223964356105397,1
2239,0,0.135346236798131,0
8871,0,0.09959135596054373,0
16278,0,0.10496597294602635,0
7417,0,0.6587377348246857,1
8114,1,0.33969329119695957,0
10463,0,0.08447443400476885,0
16721,1,0.10907451991155465,0
21246,0,0.0770993972357013,0
22848,0,0.10266332709718878,0
8310,0,0.10591522688766151,0
9890,0,0.3546316701260352,0
18900,1,0.545058514449624,1
10297,0,0.10033643366751079,0
14826,1,0.16599214705271195,0
19675,0,0.05477841756955714,0
26049,0,0.12541149923276187,0
21128,0,0.22433470176995274,0
24189,1,0.08740202937444859,0
21247,1,0.7853685189335639,1
29693,0,0.09961335146977779,0
24349,0,0.08488003753789636,0
15960,1,0.6984739381790981,1
24569,0,0.29998245719913075,0
14982,1,0.19615225251311683,0
12728,0,0.09007326688050198,0
11700,0,0.1615502622866635,0
5117,0,0.7424759761353754,1
24339,0,0.18857697292450104,0
28381,0,0.09691046356253201,0
18064,0,0.16577520568453832,0
19891,0,0.12955647256632838,0
16189,1,0.6943618049016215,1
21796,0,0.09963090565195752,0
28811,0,0.04698988372890241,0
2216,0,0.2676436011680377,0
26258,0,0.09458330416624294,0
19655,1,0.3513941900648267,0
24734,0,0.13570334429612904,0
8020,1,0.24800646385998706,0
14414,0,0.30884332551679544,0
13823,1,0.09903353672435954,0
1705,0,0.12117146511789764,0
21603,1,0.09059012023601085,0
28027,0,0.16315577447262491,0
7764,0,0.09852236066550699,0
11858,0,0.12225935826538878,0
23112,1,0.4143759995880281,0
13603,0,0.11192571816720338,0
19117,0,0.08450649939914644,0
3438,0,0.10493272328943956,0
7248,1,0.7468462647815798,1
18484,0,0.09999146901575846,0
18854,0,0.20123690799036303,0
1275,0,0.10628593826001627,0
24328,1,0.7160160330093056,1
25310,1,0.14850416178646644,0
19740,1,0.6675255966712964,1
12886,0,0.24585541543350686,0
6211,0,0.835149061440056,1
18680,0,0.5037650025304883,1
11314,0,0.23822474037213104,0
7076,0,0.09436829340348846,0
24757,0,0.09774553247626822,0
22477,0,0.1394883054234226,0
2274,0,0.3395289557122435,0
6028,0,0.08883374795838268,0
3700,0,0.12473287441211418,0
12552,0,0.07659370394171364,0
1330,0,0.1271378994810684,0
16787,0,0.12737362163627944,0
14193,0,0.10283627576187308,0
19894,0,0.08143757577078169,0
20275,0,0.06174015541089716,0
1572,0,0.5048171308671782,1
18422,1,0.16258161327639936,0
3166,0,0.30884332551679544,0
10690,0,0.17051994691309943,0
8311,0,0.1243800993779134,0
11193,0,0.07579406186607339,0
2075,0,0.07881970650701776,0
7051,1,0.09903888854058979,0
19211,0,0.1554533317287213,0
13509,0,0.3546316701260352,0
10512,0,0.1397306584004061,0
22498,0,0.09806300025883319,0
23221,0,0.2426128621797856,0
14284,0,0.06456503715481285,0
26130,0,0.30884332551679544,0
23088,1,0.7393293437562332,1
2203,0,0.14708169955458045,0
9705,0,0.2339156459870307,0
12566,0,0.13015150147217125,0
8266,1,0.10009723883997156,0
24898,0,0.1405164221195817,0
4661,0,0.11831716949647396,0
6301,0,0.6079048988646576,1
696,0,0.30884332551679544,0
23016,0,0.09758288948030566,0
26719,0,0.1302595793476,0
485,0,0.14009115592599636,0
25279,1,0.12341694549761215,0
3734,0,0.048975640971264174,0
15757,0,0.2204642520513289,0
12655,0,0.09490067038493087,0
25797,0,0.08705473744899855,0
28965,0,0.24846677937754724,0
22439,0,0.7207044742695835,1
28066,1,0.6059386098796833,1
2451,1,0.14830222415578015,0
6794,0,0.10409867174496384,0
1505,0,0.1329654344661801,0
19972,0,0.1625378500026202,0
20846,0,0.07692593264784359,0
25936,0,0.16246314387388014,0
4835,0,0.12591600934149189,0
12670,0,0.30884332551679544,0
29100,0,0.10916469024678417,0
10199,1,0.10406706517254508,0
21135,0,0.056056809111366165,0
4130,0,0.1772099604523389,0
9748,0,0.08291275018793719,0
2307,0,0.16883811616945407,0
16266,0,0.11802397556112931,0
767,0,0.10517355269278227,0
804,0,0.13987491145114433,0
11628,0,0.22382136842047473,0
7225,0,0.25079976877653104,0
17568,0,0.22642270954263563,0
27445,0,0.09902319488878444,0
17556,0,0.15335177454078525,0
11324,0,0.08970651219333284,0
23289,0,0.14062164196074614,0
13250,0,0.16469397615609474,0
15292,0,0.12385724892550413,0
28298,1,0.705294072938035,1
18500,0,0.10885219219158669,0
3690,0,0.3546316701260352,0
1062,0,0.1255015162196177,0
29813,0,0.061431509847595586,0
42,0,0.08969872448220169,0
22918,0,0.13422706463041925,0
12587,0,0.11791958477624803,0
23143,0,0.1606307575918872,0
12082,0,0.09608516437170608,0
19522,1,0.08924285912469354,0
3214,0,0.11990484223841304,0
23643,0,0.07009248269445333,0
6596,0,0.7014927278722832,1
23202,0,0.06266979219557817,0
8230,0,0.22541096722549875,0
12710,0,0.12542068799600792,0
10825,0,0.1240341096824763,0
2924,1,0.2992909383000285,0
26540,0,0.19263007078093888,0
11877,0,0.20651736123987496,0
7305,0,0.08894343111955384,0
26109,1,0.2736983575162664,0
2054,0,0.6789441399825309,1
4937,0,0.2555957141950993,0
27484,0,0.6132540649435628,1
10326,1,0.17598601094378782,0
16950,1,0.7788243100173515,1
2546,1,0.12440976665859052,0
12388,0,0.5072722678541575,1
22623,0,0.35383822025377953,0
102,0,0.14611198988668736,0
16961,1,0.8287884980283899,1
28470,0,0.2665499129801605,0
6385,0,0.13015439579153804,0
20268,0,0.14851850666059074,0
24413,1,0.43643877250078617,0
2826,1,0.15104974584702108,0
14588,0,0.6928004371547445,1
7687,0,0.13599171047727177,0
12789,0,0.13746646154323877,0
1944,0,0.09623504386861288,0
27714,0,0.1510654002419262,0
5956,0,0.1285387328349133,0
20061,1,0.1503369930983891,0
11608,0,0.07217322814508496,0
14991,1,0.24088862938567682,0
29226,0,0.09948821801350345,0
12375,1,0.7302132055899814,1
22125,1,0.8279873821293231,1
11306,1,0.09400232889493391,0
10153,0,0.12978629060894536,0
25060,1,0.16193620152654972,0
11097,0,0.21101061119239845,0
6085,1,0.8712512686364455,1
6953,0,0.09885294395608328,0
8452,0,0.07003347650541959,0
2448,1,0.6308821200189478,1
20440,1,0.503195675731837,1
17241,0,0.37867874142119734,0
4421,0,0.20329115823352634,0
2734,0,0.36003402324841255,0
29801,0,0.09841812759323286,0
8514,1,0.08769518687709882,0
15081,0,0.07138901538283296,0
15616,1,0.6163671453938254,1
13644,0,0.10337359148061344,0
8009,0,0.19277326416862872,0
3520,0,0.09390907199375728,0
830,0,0.09004514767114008,0
7809,0,0.12394068271251119,0
18155,0,0.1286637439809159,0
27795,0,0.11161341068888127,0
4654,0,0.44163920961420433,0
186,1,0.3730219812022702,0
22587,0,0.1046012546016434,0
4491,0,0.1634204233929405,0
27921,0,0.4210197919021017,0
19442,0,0.2880774547196773,0
25342,0,0.1228853932975003,0
19846,1,0.2364854107198995,0
14942,1,0.7254617613765827,1
6293,1,0.15489721487998143,0
18454,1,0.11793018671581963,0
28071,0,0.08435840712072266,0
4575,1,0.2342328916334381,0
25062,0,0.20985367791757065,0
12167,0,0.07329425217424687,0
12065,0,0.6279565817589114,1
18581,0,0.4638859574874662,0
14801,1,0.16691877618625955,0
14407,0,0.14246257085749106,0
17170,0,0.12364121027017042,0
27681,0,0.15130730270734152,0
15870,0,0.059060264666590125,0
21795,0,0.1289381089249955,0
13228,0,0.07957378426006768,0
20076,0,0.06123253019042469,0
20202,0,0.07062799970792562,0
5765,0,0.10192194628538047,0
21861,0,0.1425394119576115,0
8451,0,0.06898948016283166,0
434,0,0.09542290139601287,0
11918,0,0.21447415126191496,0
354,0,0.11064950671924277,0
8366,0,0.12021709780266246,0
605,0,0.3546316701260352,0
17853,0,0.12298768882303848,0
14641,0,0.1223513146011375,0
29133,1,0.09506681454226658,0
21424,0,0.08361896879511971,0
4276,1,0.6204910717519716,1
4954,0,0.36169200582116845,0
16603,1,0.7677431748568445,1
3572,0,0.10204289586664159,0
8453,1,0.3271564327318158,0
16440,1,0.3537282939963202,0
14097,1,0.523905300203398,1
16593,1,0.8340358458640843,1
13513,1,0.12495682533137366,0
7547,0,0.2826375187338192,0
24453,0,0.098170772776421,0
28568,0,0.12664913602120856,0
1040,0,0.1135031496048302,0
14584,1,0.5900084392656083,1
12565,1,0.09767320832798446,0
18176,0,0.12902305723800941,0
29010,0,0.1833836705382018,0
14056,0,0.08883092132863422,0
5332,0,0.24392050891128547,0
15923,1,0.6086597692516833,1
11449,0,0.11976548319921695,0
3959,1,0.5166669385954217,1
29174,0,0.11256650030498185,0
8483,0,0.11106166716299304,0
18474,0,0.106628482049705,0
541,0,0.23004020573966433,0
29287,1,0.5986932922250311,1
1750,0,0.09286384352607162,0
12142,0,0.265863333007061,0
28196,0,0.0841569022263481,0
29084,0,0.12315886823276884,0
6665,0,0.15884564806136786,0
27158,1,0.8424675457399282,1
24879,1,0.3544157753965011,0
22922,1,0.2458178983643698,0
5924,0,0.18274799887107432,0
17778,0,0.1751551232329346,0
20474,0,0.1440460792022172,0
17504,0,0.09962523334052842,0
23661,0,0.07097052431020937,0
29581,0,0.08839268673835621,0
24791,0,0.1486408268402575,0
29959,0,0.1793685808052549,0
18827,0,0.5325425135979435,1
10903,0,0.1478500062076809,0
4949,0,0.14852493899763572,0
12300,0,0.11493623073795155,0
28056,0,0.3419397434398235,0
24084,0,0.07834128732158177,0
22212,0,0.12748610812166636,0
25461,1,0.6271684717189564,1
27825,0,0.09206363440205483,0
19970,0,0.09275308916958042,0
4032,0,0.2012236072519661,0
17050,1,0.624705280320626,1
21172,0,0.14474346391497422,0
9435,0,0.13071523656404538,0
25866,0,0.09580633263695418,0
20700,0,0.09182654022064274,0
11327,0,0.1012203571001777,0
22507,1,0.8338637049727159,1
12118,0,0.23992297052536535,0
22343,0,0.07183813804085651,0
124,1,0.6876131997319566,1
1406,1,0.06266289597874822,0
27509,0,0.10411349279162606,0
13608,0,0.093428181287206,0
11475,0,0.1447543923522291,0
29924,0,0.18217794670771403,0
22184,0,0.09118420871820142,0
25923,0,0.3044664651057929,0
21833,0,0.0890417352876077,0
1769,0,0.09460484633707511,0
23007,0,0.12359206655962804,0
2323,0,0.1279092412334607,0
25321,0,0.12908924448421616,0
18311,0,0.08909416216311626,0
22793,0,0.11735775329062417,0
27539,0,0.11762189804180899,0
13053,0,0.09175496014439202,0
2256,0,0.6193017396318913,1
2807,0,0.12441453325841283,0
2682,0,0.182364813156054,0
6975,0,0.05838961671763884,0
13502,0,0.16053008885779252,0
23272,0,0.1504304224429662,0
3961,0,0.28399333433745133,0
3315,0,0.17921171293097557,0
15822,0,0.19867094549271297,0
14809,1,0.244066489605818,0
8875,0,0.13533862844023128,0
24347,0,0.06508346690827999,0
21983,0,0.09599419707557169,0
29685,0,0.08451229795318417,0
10507,1,0.4574379611628385,0
6701,1,0.6973889992599014,1
26012,0,0.11020573402981926,0
29653,0,0.053390093382824445,0
6078,0,0.14302901061310588,0
12801,1,0.15965789924862184,0
28995,0,0.08891954291948063,0
7953,0,0.08339181922997728,0
12786,0,0.10250285572299887,0
6063,0,0.09577546659818624,0
14468,1,0.6190689079457262,1
22849,1,0.10711753484484848,0
18733,0,0.09789342933051123,0
12535,0,0.08661653250716007,0
3238,0,0.0739613597911378,0
26324,0,0.1512461819834037,0
28215,0,0.25149565569044674,0
28229,0,0.3546316701260352,0
27814,0,0.3546316701260352,0
27483,0,0.6820287609726435,1
14737,0,0.10987229756640944,0
22025,0,0.10446779756633238,0
27183,0,0.0724322700988995,0
15952,0,0.1625880938452596,0
29535,0,0.09655567250498284,0
21050,1,0.6493510724176259,1
6650,0,0.0707003507273674,0
11637,1,0.13001024627707353,0
1078,0,0.06697405134257278,0
25288,0,0.09748132597146694,0
25112,0,0.10705350540545755,0
5858,0,0.08724293786029558,0
6062,0,0.6728335628055807,1
28337,0,0.08833839489372275,0
13218,0,0.6399436721312606,1
9574,0,0.1890255823206571,0
2151,0,0.15043561758381852,0
14359,0,0.06406014087599504,0
3490,0,0.1360526063177074,0
24043,0,0.41527866852879447,0
5888,0,0.07473122632065643,0
26080,0,0.0675076077511084,0
26047,0,0.08787450724410481,0
29632,0,0.1404303275191794,0
2381,0,0.08451043965652173,0
27181,0,0.07533012690482031,0
13848,0,0.7263480144487917,1
15643,0,0.12243708146835502,0
27959,1,0.7506498732036322,1
22378,0,0.0839565740349836,0
29908,1,0.3537321815850975,0
27691,0,0.10255922653390176,0
6979,0,0.38463552371239884,0
7590,0,0.6064153217843661,1
17758,0,0.12194298649422824,0
8070,0,0.09520124607746232,0
29078,0,0.15996809993504005,0
6594,0,0.13139124080191844,0
20969,0,0.0898704178067769,0
3725,0,0.16758550457785534,0
29345,0,0.10378804671429977,0
23115,0,0.11420966881123203,0
29895,1,0.10702551487136139,0
13876,1,0.14707966094016225,0
18466,1,0.09190857589523883,0
25966,0,0.10194864227152303,0
7835,0,0.08791857532626805,0
1366,0,0.2244749023847267,0
18480,0,0.30804557921251324,0
29854,1,0.17706202608253768,0
576,1,0.6418806560692605,1
3205,0,0.08126349230442054,0
4443,1,0.3546316701260352,0
13934,0,0.07641703487241305,0
9858,1,0.6312439347400667,1
8977,0,0.1712295352410217,0
2066,0,0.12802993035406232,0
21979,0,0.10402550228406734,0
22325,0,0.08645298810587829,0
5062,0,0.40222342469936606,0
1860,0,0.5251582439630584,1
510,0,0.1628123222877133,0
19565,1,0.29766941519295753,0
24913,1,0.14783190047361475,0
1492,0,0.09757104017939199,0
7640,1,0.15517404567319712,0
9464,0,0.3546316701260352,0
27138,0,0.17848453547753476,0
2815,0,0.1917908787193219,0
14421,0,0.19799282385002237,0
15357,0,0.2790569969195314,0
16091,0,0.30894499986089935,0
13326,0,0.08623615359096014,0
2698,0,0.15244809407953105,0
24527,0,0.11030341074552771,0
25255,1,0.08108086779636813,0
10799,0,0.12705210099778189,0
16433,1,0.5426313251161785,1
6625,0,0.2015468514597157,0
7073,0,0.202477467435349,0
15233,0,0.09389465011044791,0
7713,0,0.10700147316668879,0
29104,0,0.11797106143789965,0
11711,0,0.35050451103927066,0
26057,0,0.08851757085213549,0
19975,0,0.15428719742063723,0
28490,0,0.12989763677200536,0
5720,0,0.11366951689195373,0
903,0,0.10359937724960355,0
6502,0,0.09226321488967675,0
8193,0,0.0922092675185279,0
26778,1,0.13485123259928133,0
514,1,0.7873212029975779,1
7360,0,0.15273767577762748,0
13038,1,0.0908403521665211,0
24431,0,0.22201594462563645,0
3502,0,0.07545823205980483,0
5653,1,0.14609265453846473,0
8444,0,0.6502911570959653,1
28572,0,0.10147886629590804,0
2916,0,0.3298753714285088,0
24300,0,0.5446703937682355,1
27587,0,0.3293341007435356,0
17997,0,0.10557081591244173,0
5889,0,0.0752375402867896,0
1602,0,0.3546316701260352,0
12884,1,0.12360583051900788,0
2339,0,0.0838264476132244,0
3158,0,0.09301063687302394,0
18502,0,0.1480489880670585,0
14983,0,0.11047274645612477,0
12054,1,0.6350852827307216,1
21411,0,0.5078122905704148,1
28102,0,0.10382012599662974,0
15183,0,0.16842599837956634,0
26715,0,0.12225364837449769,0
14914,1,0.11290197341996494,0
26983,0,0.09769862653657346,0
1098,0,0.2168486830826063,0
19665,0,0.056265310024406254,0
24592,0,0.12747833326549904,0
13530,0,0.2821133076065933,0
10722,0,0.1691511015555703,0
19828,0,0.1237112731355616,0
28956,0,0.07408369587232538,0
7720,0,0.10598226294400201,0
10193,0,0.2699321140893271,0
15202,1,0.6524362099693714,1
16596,1,0.1532063604742133,0
3822,0,0.06277177583237392,0
14150,0,0.09471432082258184,0
27280,0,0.14155779923478304,0
7089,0,0.07874509737913007,0
22607,0,0.6375597898249805,1
26237,0,0.09315423814184573,0
16450,0,0.12335045248213772,0
9724,0,0.09209839320009708,0
14138,0,0.19202215918731377,0
3013,0,0.14316306416649321,0
9073,0,0.23261869993216394,0
4310,0,0.24260158370705937,0
11415,0,0.25181095874610565,0
20891,0,0.2919369572663482,0
15536,0,0.15879280253090722,0
26193,1,0.06888574406330081,0
28540,0,0.12742045835943885,0
29821,0,0.18023095183738808,0
11087,0,0.11667856785863603,0
27747,0,0.08530951906804514,0
29529,0,0.16165172730863703,0
11769,0,0.09560680302031117,0
20827,0,0.08331942669094217,0
25142,0,0.1038560416150291,0
24927,1,0.42626597242531467,0
21297,0,0.09128317496260378,0
28293,0,0.08150569144012376,0
811,0,0.1690546593127338,0
17061,1,0.14136777063304692,0
14100,0,0.0947735913650403,0
3715,0,0.14562926634840395,0
18634,0,0.058085657133030016,0
26721,0,0.12390969935699526,0
225,1,0.44148293200632244,0
3847,0,0.16215812768659366,0
13907,0,0.1447126252754733,0
20840,1,0.12393722504693169,0
29246,0,0.27812255298441946,0
25648,1,0.13842038698709389,0
3019,0,0.7596303392416428,1
29367,1,0.7423072239617667,1
16890,1,0.8059836435992578,1
3262,0,0.19509161584980222,0
11106,1,0.0691306300000035,0
29178,0,0.6133458873770214,1
29131,0,0.09391111012766352,0
16776,0,0.08908736042863394,0
23377,0,0.1368296372273894,0
4160,0,0.09872357235211827,0
11215,0,0.1439447776023794,0
10225,0,0.19419667864901208,0
17614,0,0.09223718513725007,0
26456,0,0.06756682283380934,0
13481,0,0.0838242060974328,0
20525,0,0.072857079928021,0
23299,0,0.10237901994824807,0
7592,1,0.7151032051492647,1
15192,0,0.12136611869377772,0
13416,0,0.07267326149394204,0
10377,0,0.16374630717443928,0
3512,0,0.0956997582344505,0
7820,0,0.10583626565330856,0
25227,0,0.4808297205874987,0
19619,0,0.05565316528306423,0
6604,0,0.1318100151134507,0
21281,1,0.07080446882958265,0
11226,0,0.45240777158171946,0
28918,0,0.07920277569127904,0
16877,0,0.07476373836364116,0
1536,0,0.11994983031313378,0
2879,0,0.08418284539461568,0
5141,0,0.13288415936076897,0
6308,0,0.05278454643018917,0
3653,0,0.10082036550158911,0
17717,0,0.09440552666079573,0
6341,0,0.08661268184893593,0
25981,0,0.12958851460601267,0
10431,0,0.12941526975749926,0
10091,0,0.08663294608163964,0
18477,0,0.09372178429227779,0
28402,0,0.15805633193734958,0
20395,0,0.1350214774023698,0
28256,0,0.14250083310783943,0
18506,0,0.07680764680484661,0
5715,1,0.17581641112177648,0
19246,0,0.14683918613735428,0
29136,0,0.08244400293005136,0
26229,0,0.08189593309729312,0
9202,0,0.09511894460569864,0
6813,0,0.06199525675461736,0
12492,0,0.36361809567184816,0
26645,1,0.2054843884396105,0
21720,0,0.12995109721741202,0
8798,1,0.835149061440056,1
29966,0,0.09002187338884514,0
29546,1,0.10157951232939767,0
20458,0,0.13657550684175848,0
25244,1,0.6843466783486921,1
16599,1,0.4423117097339221,0
25211,0,0.12466811429276825,0
13916,0,0.1347724140813468,0
246,0,0.13055546831741358,0
5484,0,0.15135334373585793,0
5325,0,0.16288419975504953,0
12378,0,0.14811781309220573,0
14946,1,0.14269836736048933,0
19348,0,0.3546316701260352,0
11270,0,0.06164717600035688,0
309,1,0.8546789390148741,1
27401,0,0.14258701634973445,0
23601,0,0.11234376156048016,0
15843,1,0.5167004909231938,1
17647,0,0.1354589671130322,0
20779,0,0.09026016146277946,0
10570,0,0.29191398570101224,0
8166,0,0.13496870392053706,0
9348,0,0.1428884494512177,0
7202,0,0.15801693899881786,0
19063,0,0.0942648516209308,0
12308,1,0.6522705515996265,1
27223,1,0.24143609154078635,0
60,0,0.1222539222630196,0
17648,1,0.30884332551679544,0
7261,0,0.06492611582557266,0
15895,0,0.10332269908171482,0
28554,0,0.35955808924612115,0
27048,1,0.6464616174718454,1
24150,0,0.058109877788932174,0
1363,1,0.7793946868766901,1
11207,1,0.9198629039627724,1
14387,0,0.08472873653914567,0
16308,1,0.6668974400821317,1
18252,0,0.12034194709160408,0
18559,0,0.13778634918445995,0
24039,1,0.7178316768199916,1
23692,1,0.8841958330411361,1
26067,0,0.30884332551679544,0
1871,0,0.10775517362850459,0
13115,0,0.16440890418554932,0
26416,0,0.20070120533971433,0
1167,0,0.07937658422716214,0
6537,0,0.12462130993523264,0
13628,0,0.44811892124507113,0
21229,0,0.1418172377125165,0
13652,0,0.17741568841014846,0
25939,0,0.07159116178182293,0
1420,0,0.0510017539205111,0
29326,0,0.1039021044575413,0
14203,0,0.10887757428569461,0
24545,1,0.4456506279269877,0
17022,0,0.38089667824256424,0
19140,0,0.3304982004838399,0
25899,0,0.09002346270865276,0
25590,0,0.4583232042341536,0
2206,0,0.12535094310407704,0
25111,0,0.14043710253933975,0
5937,0,0.08789560498179254,0
25078,0,0.28508326092519204,0
16268,0,0.14303741968300454,0
6422,0,0.09239266318863962,0
10701,0,0.1029205923372331,0
27773,1,0.17559500679607556,0
13283,0,0.38445570329720213,0
18987,0,0.10774417645854971,0
6661,0,0.15731712994638414,0
1206,1,0.09774439935872195,0
6678,0,0.3949567413204734,0
21548,0,0.2824880443858209,0
9823,0,0.11833639794230297,0
20549,0,0.6096315917511224,1
9223,1,0.5625672615200584,1
11362,1,0.2480245811581409,0
15309,0,0.5071573745519589,1
16046,0,0.12918078102367536,0
4291,0,0.09716077172222884,0
25750,1,0.08340535053887319,0
6196,0,0.1260289044533563,0
2928,1,0.277143452336219,0
11305,0,0.16485455106616212,0
6840,0,0.05627109644728094,0
12660,0,0.0684899789454733,0
4592,0,0.2476624831207506,0
26360,0,0.06206576651077044,0
5626,0,0.11913386179414655,0
8543,1,0.6163843535097763,1
587,1,0.3546316701260352,0
11839,0,0.06152126370148557,0
10338,1,0.8134878401750119,1
28917,0,0.1691738550766945,0
3044,1,0.7239566536053158,1
15777,0,0.09877500249726723,0
22318,0,0.21468682528113817,0
26079,0,0.15657439056370914,0
9675,1,0.18650875523515065,0
22146,0,0.10318934051079597,0
20673,1,0.23870157396620098,0
11477,0,0.06247019685259707,0
11366,0,0.0677632008411483,0
16583,1,0.15671282851174576,0
14846,0,0.08976643278084165,0
16630,0,0.11225916254274093,0
14695,1,0.06717262067801932,0
19756,1,0.693643463964777,1
27725,0,0.23291398858258763,0
19762,1,0.34993603887528335,0
1188,0,0.17956106052363147,0
19517,0,0.06487680511878487,0
21445,0,0.10233429947662773,0
8930,1,0.8455336278127338,1
28996,1,0.7100025790004862,1
23971,0,0.19914877742094106,0
13596,0,0.12491955796278549,0
13647,0,0.28462088249197504,0
10676,1,0.1610255739181963,0
25925,0,0.1366470996085533,0
29960,0,0.10330089372543994,0
15878,1,0.30884332551679544,0
18329,0,0.14668343637829726,0
17613,0,0.43048186110549,0
14938,0,0.7150686188567624,1
13191,0,0.09854615450420512,0
17562,1,0.3779542127522309,0
3718,0,0.2103232094302094,0
13254,1,0.6941524856503984,1
1145,1,0.7015818964428776,1
27961,0,0.16506627446022543,0
4631,1,0.5396018897221693,1
23306,0,0.25807919627375475,0
1159,0,0.14293000112550996,0
25814,0,0.09418098102275438,0
8979,0,0.1506179403272713,0
28933,1,0.23610031494967754,0
13170,0,0.11979879906726323,0
23203,0,0.09319837817414955,0
21884,0,0.08817471180568975,0
7739,1,0.6443134760286402,1
3883,0,0.12140691690958252,0
26966,1,0.30884332551679544,0
14652,0,0.11268288403073086,0
26845,0,0.28565771073461144,0
26731,0,0.1253210026699723,0
3873,0,0.8008434244107243,1
23028,0,0.06165067180739598,0
4808,0,0.11413668312964281,0
18497,0,0.11699678447540701,0
9249,0,0.12275613209684215,0
2947,0,0.08493605287087753,0
19510,0,0.07068948858052758,0
7604,0,0.2686576654993349,0
21002,1,0.5460313127993814,1
20785,0,0.07404465285550135,0
24690,0,0.09331134489593483,0
27099,0,0.18708984357479178,0
17769,0,0.30884332551679544,0
5319,0,0.08005173031337826,0
27661,0,0.27144654889576614,0
13214,0,0.12243714451704238,0
29191,0,0.15008408461018793,0
11505,0,0.1588847307455314,0
28250,0,0.1927092926260423,0
4206,0,0.3540891493304106,0
14364,1,0.1485825100622374,0
10616,0,0.0672627981545602,0
5031,1,0.060376753905934236,0
22775,0,0.0843252621271162,0
26514,1,0.30556353631680244,0
8411,1,0.08606718844158498,0
18366,0,0.06974187158383764,0
9481,1,0.09524676680397803,0
9153,0,0.19973487252745126,0
3729,1,0.36046600402997564,0
2967,0,0.12559353594062989,0
10429,0,0.08768329699813453,0
14546,0,0.15176667877299033,0
23761,0,0.11649283356670818,0
15205,0,0.11256005095285566,0
16779,0,0.21089226836837663,0
19855,0,0.1437310361248416,0
10665,0,0.12307195635206403,0
16265,1,0.4091887043421313,0
29770,0,0.16849790337261017,0
26076,0,0.21621990172076688,0
17932,1,0.5524064324010705,1
9442,0,0.13698554869842497,0
16073,0,0.06923701935201755,0
23920,0,0.7723185150959705,1
17138,1,0.270971643700589,0
19864,1,0.09103179523092912,0
26751,0,0.1842883410233755,0
14775,0,0.08610864084575955,0
3942,1,0.15682425269013345,0
17855,0,0.07432788773931089,0
96,0,0.10684401960616065,0
6280,0,0.09814092849269945,0
26429,0,0.07791151485809938,0
